date,region,category,units_sold,marketing_spend,revenue,customer_satisfaction,promo_flag
2025-04-14,North,Electronics,20,712.06,4820.02,4.3,0
2024-06-10,East,Apparel,62,660.16,2906.48,4.0,0
2025-05-26,West,Sporting Goods,82,575.44,5979.87,4.0,0
2025-08-11,North,Apparel,82,1111.75,3691.29,4.6,0
2024-05-20,East,Electronics,20,610.62,4246.05,4.2,0
2024-04-08,south,Apparel,62,370.34,2170.22,3.8,0
2024-08-05,East,Electronics,19,388.56,4060.09,4.7,0
2025-07-21,East,Electronics,16,685.23,3695.77,4.4,0
2025-06-02,West,Electronics,29,884.59,6374.34,3.7,0
2025-07-07,South,Electronics,29,1560.6,6157.07,3.9,0
2025-06-30,East,Apparel,64,441.81,2891.73,3.8,0
2025-06-02,South,Electronics,24,880.37,5339.15,,0
2024-11-18,North,Sporting Goods,87,920.9,5114.33,3.5,0
2024-05-27,North,Sporting Goods,53,760.65,2687.02,4.0,0
2025-06-16,East,Apparel,63,824.43,2642.7,4.6,0
2024-08-26,West,Home & Garden,44,475.15,3096.55,4.3,0
2025-05-26,East,Home & Garden,44,658.98,3277.02,4.5,1
2025-12-01,North,Electronics,41,1355.76,9272.99,3.9,0
2024-03-04,North,Sporting Goods,40,593.46,2438.08,4.4,0
2024-04-22,south,Sporting Goods,32,1002.89,1916.34,,0
2025-04-14,East,Sporting Goods,53,881.03,2666.9,3.4,0
2024-07-29,East,Apparel,89,367.09,4156.77,3.7,1
2025-12-08,South,Apparel,166,679.75,7093.27,4.1,0
2024-04-29,West,Electronics,21,623.61,5441.67,4.5,0
2024-06-03,South,Sporting Goods,38,98.53,2316.55,4.1,0
2024-07-08,West,Sporting Goods,70,700.29,4023.74,3.7,0
2025-03-24,East,Apparel,60,388.72,2245.35,4.4,0
2025-11-03,North,Home & Garden,63,553.43,4478.58,4.0,0
2024-07-22,South,Sporting Goods,53,529.35,3406.06,4.1,0
2024-11-18,West,Electronics,50,1813.09,11539.87,4.3,0
2024-10-07,North,Sporting Goods,56,524.1,3361.47,4.1,0
2024-03-25,West,Electronics,23,637.06,4889.85,4.4,0
2024-12-23,North,Apparel,75,739.87,3306.44,3.9,0
2025-11-24,North,Electronics,39,1171.97,7624.81,3.7,0
2025-07-07,East,Sporting Goods,61,80.69,3946.61,3.4,0
2024-09-30,West,Home & Garden,49,840.65,3288.18,3.8,0
2024-11-18,East,Home & Garden,66,802.4,4851.8,4.4,0
2025-08-04,West,Sporting Goods,70,745.4,3974.92,3.7,0
2024-06-17,West,Apparel,79,811.82,3461.82,3.9,0
2024-08-26,North,Home & Garden,34,125.44,2209.07,4.2,0
2024-11-11,East,Sporting Goods,80,717.1,4592.71,3.8,0
2024-12-09,East,Sporting Goods,60,557.32,4144.16,4.1,0
2024-06-03,West,Sporting Goods,72,1053.51,4041.96,4.3,0
2024-11-04,North,Apparel,95,486.95,4408.56,4.1,0
2024-12-02,West,Home & Garden,118,1221.59,6975.97,4.9,1
2024-07-22,North,Electronics,23,805.34,5063.56,4.3,0
2024-02-19,South,Electronics,13,435.81,2490.92,3.8,0
2024-12-16,West,Apparel,178,1399.4,8316.41,4.1,1
2024-06-10,East,Home & Garden,34,571.08,2280.43,3.8,0
2025-05-19,South,Apparel,90,367.57,4015.84,4.7,0
2025-09-01,West,Sporting Goods,51,821.55,2761.84,3.4,0
2024-05-20,South,Electronics,18,627.43,4053.29,4.3,0
2025-01-27,South,Sporting Goods,23,266.51,1173.03,3.9,0
2025-12-01,North,Home & Garden,75,721.88,5494.74,4.6,0
2025-04-28,East,Apparel,64,378.16,3039.44,3.6,0
2025-04-21,North,Home & Garden,53,869.18,3604.27,4.7,0
2024-03-18,North,Sporting Goods,39,469.19,2297.52,4.2,0
2025-01-13,South,Electronics,13,306.44,2616.38,4.2,0
2024-06-10,South,Electronics,22,550.26,5099.73,4.3,1
2024-11-11,North,Apparel,143,1674.02,7203.08,3.9,0
2024-10-21,East,Electronics,21,1168.83,4211.97,3.6,0
2025-01-06,West,Home & Garden,31,389.21,1895.39,4.7,0
2025-06-30,South,Apparel,87,833.69,3794.86,4.4,0
2025-12-08,West,Apparel,162,1148.68,7323.86,3.7,0
2024-06-17,West,Electronics,27,887.81,5447.83,4.8,0
2025-05-19,West,Electronics,29,836.6,7192.52,3.9,0
2024-10-07,East,Electronics,23,527.5,4566.07,4.7,0
2024-08-05,North,Home & Garden,36,588.82,2521.7,4.6,0
2024-11-04,North,Electronics,36,916.3,8362.5,3.8,0
2024-12-23,South,Electronics,34,827.16,7105.73,3.6,0
2024-10-14,East,Electronics,20,622.67,4171.68,,0
2024-09-16,South,Apparel,60,540.17,2574.66,3.8,0
2024-07-01,South,Sporting Goods,70,880.11,4409.52,4.4,1
2025-02-03,East,Electronics,13,433.27,2439.43,4.5,0
2024-03-18,West,Electronics,20,837.78,4627.81,4.5,0
2024-01-22,West,Electronics,18,258.77,3845.8,4.1,0
2024-02-05,West,Sporting Goods,33,950.71,1999.75,4.7,0
2025-06-30,East,Sporting Goods,61,492.17,3394.72,4.7,0
2024-06-24,West,Electronics,25,1131.05,5492.97,3.6,0
2025-07-28,West,Sporting Goods,52,750.75,2940.44,3.6,0
2025-04-07,South,Home & Garden,58,490.76,3690.5,4.6,0
2024-11-25,South,Electronics,42,1448.2,9971.82,4.5,0
2025-04-07,North,Home & Garden,58,581.73,3302.81,4.6,0
2025-09-15,East,Apparel,73,663.62,3824.46,4.1,0
2025-11-17,North,Sporting Goods,89,791.84,5657.6,3.9,0
2025-06-30,north,Apparel,92,236.27,4079.64,4.3,0
2024-03-04,North,Home & Garden,46,631.11,3114.81,3.9,0
2025-03-10,south,Sporting Goods,41,122.88,2421.81,2.8,0
2024-10-21,East,Apparel,71,878.76,3406.85,,0
2025-03-24,East,Home & Garden,50,812.38,3605.03,4.3,0
2024-01-29,South,Sporting Goods,21,40.0,1295.44,4.1,0
2024-10-07,West,Electronics,32,685.98,7595.42,4.2,0
2025-08-04,South,Electronics,23,955.67,5038.0,4.5,0
2025-09-08,West,Apparel,119,865.05,4977.37,4.1,0
2025-03-31,South,Home & Garden,53,495.07,3231.03,4.2,0
2024-06-17,North,Home & Garden,33,685.58,2105.77,4.6,0
2024-02-12,West,Sporting Goods,44,466.72,2580.07,4.1,0
2024-04-29,East,Apparel,63,364.71,2754.93,3.8,0
2025-03-03,east,Electronics,19,501.17,4632.93,4.3,0
2025-10-06,North,Sporting Goods,53,751.55,3294.73,,0
2024-02-26,West,Electronics,21,706.5,4155.94,4.1,1
2025-04-14,North,Home & Garden,53,772.9,3790.19,4.5,0
2025-03-10,South,Apparel,60,265.14,2827.12,3.8,0
2024-09-02,West,Electronics,31,774.82,7330.27,4.2,1
2025-07-28,South,Apparel,86,820.02,3631.1,3.8,0
2024-02-12,West,Electronics,13,493.07,2469.5,3.9,0
2024-12-09,West,Apparel,124,763.78,5211.44,4.1,0
2024-02-19,West,Sporting Goods,30,633.98,1741.62,4.3,0
2024-10-28,West,Electronics,41,1322.0,9188.84,4.1,0
2024-01-22,East,Home & Garden,19,154.07,1458.47,3.4,0
2025-09-15,East,Sporting Goods,54,666.89,3526.26,,0
2025-12-22,North,Electronics,35,980.64,7300.46,3.9,0
2024-10-14,West,Sporting Goods,67,276.32,3672.95,4.1,0
2024-11-11,south,Apparel,99,327.87,25233.840000000004,3.4,0
2024-08-05,South,Apparel,78,768.52,3660.94,4.4,0
2024-06-24,West,Sporting Goods,67,342.96,3617.69,3.4,0
2025-11-10,North,Sporting Goods,64,767.42,3343.17,3.3,0
2025-03-10,North,Electronics,21,682.36,4210.15,4.4,0
2024-04-29,South,Home & Garden,41,479.45,2850.41,4.4,0
2025-10-20,East,Home & Garden,50,761.57,3233.63,4.0,0
2024-05-06,South,Home & Garden,39,919.43,2345.93,3.8,0
2024-12-23,East,Apparel,88,696.83,4207.05,3.8,0
2024-04-29,West,Home & Garden,50,436.73,3845.69,4.5,0
2024-01-01,west,Electronics,17,676.16,3903.05,4.4,0
2024-03-25,east,Electronics,19,747.67,4238.32,4.5,0
2025-08-11,West,Sporting Goods,84,907.65,4833.35,4.2,0
2024-07-01,North,Electronics,22,429.75,4519.39,4.2,0
2024-03-11,South,Sporting Goods,38,388.6,2102.41,4.0,0
2025-02-03,South,Home & Garden,26,409.73,1849.13,4.9,0
2024-01-15,East,Sporting Goods,24,505.01,1522.05,,0
2025-03-17,South,Apparel,66,838.5,2911.85,3.4,0
2024-01-01,West,Apparel,52,476.69,2403.58,3.9,0
2024-10-28,South,Apparel,99,864.83,5098.82,4.5,0
2025-10-06,East,Sporting Goods,65,112.92,4065.06,3.4,1
2024-10-21,South,Apparel,78,725.37,3380.5,4.2,0
2025-09-08,North,Electronics,23,935.63,4841.52,4.3,0
2025-12-15,South,Apparel,181,1553.21,7716.57,4.4,1
2024-09-23,North,Apparel,86,891.25,4200.43,4.0,0
2024-01-01,East,Apparel,45,553.51,2131.05,4.0,0
2024-02-26,West,Apparel,63,692.8,2679.69,4.4,0
2024-01-22,North,Sporting Goods,29,451.21,1737.7,4.3,0
2025-07-14,East,Sporting Goods,51,764.39,3052.56,4.1,0
2025-11-03,West,Sporting Goods,101,509.87,5329.2,4.0,0
2024-01-15,South,Apparel,32,386.34,1240.87,4.6,0
2025-08-18,North,Sporting Goods,46,804.12,2793.49,3.4,0
2024-04-08,North,Electronics,21,774.11,4776.06,4.3,0
2024-11-11,East,Apparel,121,983.42,5227.06,3.9,0
2025-03-24,West,Sporting Goods,60,529.93,3490.56,3.4,0
2025-03-31,East,Electronics,19,770.96,4304.75,4.5,0
2024-07-01,North,Sporting Goods,64,988.72,4023.89,4.2,0
2024-09-09,South,Apparel,72,620.6,3250.63,3.8,0
2024-02-19,North,Sporting Goods,31,650.01,1713.76,4.8,0
2025-09-15,South,Electronics,28,678.52,6592.16,3.7,0
2025-07-07,East,Electronics,16,470.19,3293.6,4.6,0
2024-01-01,South,Electronics,11,400.69,2544.12,4.1,0
2025-09-01,South,Sporting Goods,62,971.72,3990.91,3.9,0
2025-10-13,south,Electronics,29,712.82,6724.79,3.9,0
2024-10-21,North,Electronics,32,498.23,6743.37,4.3,0
2025-03-17,North,Home & Garden,37,290.59,2548.08,4.6,0
2024-02-12,North,Sporting Goods,34,325.69,2121.26,3.7,0
2025-07-07,North,Sporting Goods,71,1027.87,4541.39,3.8,0
2024-12-30,South,Home & Garden,25,302.23,1576.46,4.1,0
2024-02-12,South,Apparel,31,488.83,1149.48,4.8,0
2025-02-10,South,Apparel,47,822.44,2205.64,4.0,0
2025-09-22,East,Electronics,26,583.25,5626.94,,1
2025-04-28,East,Home & Garden,58,601.53,4669.13,4.4,0
2025-03-03,South,Electronics,19,1311.06,4527.68,4.4,0
2024-09-02,East,Sporting Goods,46,264.47,2973.71,,0
2024-03-11,West,Electronics,24,956.79,4765.52,4.4,0
2024-04-15,North,Apparel,74,558.28,3330.97,4.0,1
2025-06-09,North,Apparel,67,746.0,3200.71,4.2,0
2025-01-06,West,Electronics,22,1002.11,4427.79,4.0,0
2025-02-17,North,Sporting Goods,41,582.89,2550.17,,0
2024-12-23,West,Home & Garden,57,942.38,4189.46,4.4,0
2024-05-27,West,Sporting Goods,58,678.25,3239.49,4.0,0
2025-08-04,East,Electronics,33,883.28,7021.68,4.6,1
2024-07-15,South,Electronics,20,912.12,4222.33,4.3,0
2024-03-25,West,Home & Garden,42,659.86,2944.48,4.7,0
2024-07-29,East,Electronics,18,609.07,3547.92,4.3,0
2024-11-04,West,Apparel,144,703.69,6569.03,3.8,0
2024-06-17,South,Apparel,48,764.35,2010.35,3.2,0
2024-06-10,North,Home & Garden,30,212.67,1962.3,4.2,0
2024-03-18,East,Apparel,48,640.17,2098.38,3.9,0
2024-04-22,West,Home & Garden,74,1128.89,5033.34,4.6,0
2024-02-19,North,Apparel,50,662.15,2455.58,3.9,0
2025-11-17,East,Home & Garden,62,761.43,4380.95,4.2,0
2025-01-20,South,Sporting Goods,24,419.84,1557.56,3.9,0
2024-01-22,West,Sporting Goods,28,526.04,1615.06,4.7,0
2025-01-13,East,Electronics,10,556.17,2312.09,4.0,0
2025-01-13,East,Sporting Goods,32,795.28,1957.48,3.7,1
2024-03-18,East,Home & Garden,41,684.57,2888.55,4.3,0
2025-02-24,East,Sporting Goods,30,151.87,1518.73,3.5,0
2024-12-02,East,Sporting Goods,73,1015.64,4633.6,4.0,0
2024-06-03,North,Home & Garden,40,635.29,2762.53,4.0,0
2024-09-09,East,Sporting Goods,41,868.03,2251.01,3.8,0
2024-06-10,South,Home & Garden,33,686.5,2378.92,4.2,0
2024-02-19,South,Apparel,37,763.78,1931.13,3.6,0
2024-02-12,North,Home & Garden,29,864.93,2234.14,4.4,0
2024-12-16,East,Apparel,99,289.53,4066.44,4.2,0
2025-05-05,West,Apparel,81,596.86,3442.99,4.6,0
2024-08-05,South,Electronics,21,739.25,5093.08,3.4,0
2024-09-23,West,Electronics,27,1361.84,6690.58,4.0,0
2025-12-15,East,Electronics,41,1359.05,8392.99,3.7,0
2025-12-01,South,Home & Garden,75,842.57,5327.36,4.4,0
2024-06-10,North,Electronics,22,794.19,4817.19,4.7,0
2024-09-02,South,Apparel,79,981.67,3339.98,4.2,0
2024-12-23,West,Electronics,42,1406.37,9756.74,4.1,0
2024-04-22,North,Sporting Goods,49,803.98,2807.38,3.5,0
2024-01-08,East,Sporting Goods,25,501.18,1750.1,,0
2024-04-08,West,Apparel,61,356.35,2724.88,4.2,0
2024-09-23,North,Home & Garden,34,691.84,2550.67,4.3,0
2025-05-19,West,Sporting Goods,88,798.6,5588.72,3.9,0
2025-11-24,West,Electronics,47,1872.76,10676.72,4.1,0
2025-12-22,South,Sporting Goods,63,327.6,3677.15,3.8,0
2024-09-30,West,Apparel,95,844.66,3971.72,4.3,0
2025-01-27,South,Apparel,40,271.07,1829.39,4.1,0
2025-08-18,East,Home & Garden,40,1134.58,3037.84,3.6,0
2025-07-14,South,Home & Garden,44,814.5,2968.0,3.9,0
2024-07-01,West,Home & Garden,38,367.22,2422.43,4.6,0
2024-10-07,West,Apparel,109,1115.02,4912.95,3.8,0
2025-06-09,East,Home & Garden,40,173.6,2703.83,,0
2024-10-14,South,Sporting Goods,52,587.2,3713.31,4.1,0
2024-10-28,North,Sporting Goods,65,1072.65,3824.81,4.3,0
2025-08-18,North,Electronics,23,997.16,5073.97,3.9,0
2024-07-22,East,Apparel,77,939.22,3513.23,3.9,0
2024-09-23,West,Sporting Goods,60,192.12,3596.88,4.3,0
2025-01-13,West,Sporting Goods,26,370.6,1430.48,3.7,0
2024-05-27,south,Electronics,18,486.95,4418.84,,0
2025-11-10,East,Apparel,137,1075.26,5911.44,4.4,0
2025-06-30,West,Electronics,28,881.77,7019.76,4.5,0
2025-04-07,South,Sporting Goods,49,588.47,2865.19,,0
2024-09-30,South,Home & Garden,37,831.39,2813.09,5.0,0
2025-10-27,North,Sporting Goods,76,958.12,4430.87,3.2,0
2025-12-15,West,Electronics,42,1258.21,9406.94,4.4,0
2024-01-08,North,Apparel,43,356.32,1992.06,4.2,0
2025-01-06,West,Sporting Goods,39,298.32,2218.03,4.4,0
2024-05-13,South,Electronics,15,626.98,3077.01,3.9,0
2025-05-26,North,Apparel,94,995.87,3983.5,3.9,1
2024-03-18,west,Apparel,78,1042.01,3855.12,4.1,0
2024-05-13,South,Sporting Goods,35,452.1,1953.3,4.1,0
2025-09-08,East,Home & Garden,33,673.15,2346.08,4.9,0
2025-11-10,South,Electronics,48,1179.74,9181.45,4.0,0
2024-05-27,South,Apparel,63,759.56,2788.52,3.2,1
2024-11-04,East,Sporting Goods,83,790.67,4619.67,4.4,1
2024-02-19,South,Home & Garden,29,408.93,2032.65,4.4,0
2024-10-14,South,Electronics,22,552.8,4531.29,4.3,0
2024-11-18,South,Electronics,32,1417.89,8323.61,4.7,0
2024-02-12,North,Electronics,17,270.89,4282.33,4.7,0
2025-04-07,East,Electronics,24,747.75,5071.71,4.4,0
2025-04-21,South,Apparel,92,665.68,4033.47,4.0,1
2025-08-04,West,Electronics,27,860.79,5758.41,4.4,0
2024-06-03,East,Apparel,56,474.32,2528.7,3.9,0
2024-07-22,North,Apparel,74,152.46,3656.42,4.4,0
2024-11-04,west,Electronics,46,1322.52,9797.85,4.5,0
2024-11-04,East,Apparel,84,281.94,3568.92,4.3,0
2024-04-29,West,Sporting Goods,53,694.86,2874.33,3.6,0
2025-10-13,North,Electronics,27,713.88,5191.62,4.5,0
2024-04-01,North,Home & Garden,49,536.36,3321.05,4.5,0
2025-04-07,West,Apparel,91,700.01,3633.81,3.7,0
2025-07-21,East,Electronics,16,685.23,3695.77,4.4,0
2025-12-15,North,Apparel,111,822.33,4558.49,3.7,0
2024-01-08,South,Sporting Goods,22,589.26,1448.44,4.3,0
2025-10-06,North,Home & Garden,40,1031.76,2562.77,3.9,0
2025-03-03,North,Electronics,25,930.4,4900.01,4.0,0
2024-05-27,East,Home & Garden,49,660.17,3164.9,4.3,1
2025-09-29,East,Electronics,26,898.49,5909.88,4.1,0
2024-07-29,West,Electronics,24,1015.01,5620.58,4.0,0
2025-05-05,south,Home & Garden,43,355.93,2995.58,4.4,0
2025-09-15,West,Home & Garden,51,176.47,3566.55,4.3,0
2025-05-05,North,Sporting Goods,56,290.82,3578.65,3.8,0
2024-02-26,West,Home & Garden,40,595.13,2839.94,4.5,0
2024-04-08,South,Electronics,19,648.46,4202.26,4.2,0
2024-11-25,East,Electronics,35,1192.2,8541.09,4.0,0
2025-08-04,North,Home & Garden,40,884.6,2828.16,4.1,0
2025-07-07,South,Sporting Goods,76,896.08,4529.02,2.9,0
2024-08-05,East,Home & Garden,38,205.24,2739.2,4.2,0
2024-01-01,West,Sporting Goods,33,401.77,2070.6,4.3,0
2025-06-23,East,Home & Garden,30,493.03,2132.47,4.9,0
2025-12-15,South,Home & Garden,61,460.05,3786.34,4.3,0
2025-11-24,East,Sporting Goods,80,1175.96,5147.28,3.4,0
2024-11-04,West,Home & Garden,73,863.46,5330.08,3.8,0
2024-01-15,North,Home & Garden,25,929.77,1584.43,3.9,0
2025-09-15,East,Home & Garden,40,690.22,2818.37,4.2,0
2025-05-12,East,Electronics,26,599.86,5653.18,4.0,0
2025-09-22,West,Home & Garden,49,526.72,3413.89,4.4,0
2025-06-02,South,Home & Garden,38,420.75,2788.49,4.5,0
2024-09-16,North,Sporting Goods,43,395.92,2836.51,4.4,0
2024-05-27,West,Home & Garden,43,444.9,2978.2,4.1,0
2025-06-09,West,Electronics,35,1037.82,7830.81,3.9,1
2024-08-05,South,Sporting Goods,44,979.42,2822.83,4.1,0
2025-02-10,West,Sporting Goods,47,398.7,2906.87,3.5,0
2025-07-28,East,Sporting Goods,57,923.55,3889.03,4.0,0
2024-07-15,North,Sporting Goods,91,616.98,5150.76,4.3,1
2025-01-20,North,Sporting Goods,30,384.88,1755.62,3.5,0
2024-04-15,East,Apparel,63,642.68,2965.11,3.8,0
2025-02-17,East,Sporting Goods,37,571.08,2315.93,3.3,0
2024-01-08,East,Electronics,17,593.06,4089.5,4.5,1
2024-02-12,West,Home & Garden,38,695.12,2811.62,4.5,0
2025-11-10,East,Electronics,38,934.22,7846.98,4.3,0
2025-11-24,north,Home & Garden,71,606.4,4863.14,4.2,0
2025-07-14,South,Apparel,91,635.25,3904.61,3.5,0
2025-01-13,North,Home & Garden,28,517.38,1968.83,4.4,0
2024-08-19,North,Sporting Goods,65,522.97,3273.2,4.5,0
2025-05-05,East,Electronics,20,601.09,4349.44,4.2,0
2025-05-19,West,Apparel,81,446.88,3533.55,4.4,0
2025-06-02,North,Sporting Goods,77,543.81,4827.81,3.6,0
2025-01-20,West,Electronics,18,639.94,3524.79,3.8,0
2024-05-27,East,Electronics,18,631.1,3722.54,4.4,0
2024-08-12,North,Home & Garden,42,691.25,2835.44,4.5,0
2025-01-20,South,Apparel,48,728.97,2133.29,4.0,0
2024-12-02,East,Apparel,119,1109.63,5029.62,3.8,0
2024-01-15,West,Home & Garden,24,200.85,1829.98,4.0,0
2025-02-03,North,Apparel,51,897.78,2133.95,4.0,0
2024-06-17,East,Electronics,16,40.0,3414.28,4.1,0
2024-03-25,North,Apparel,65,1057.13,2760.12,4.0,0
2025-06-30,South,Electronics,23,739.36,4620.41,3.8,0
2024-06-10,North,Apparel,63,308.36,2986.15,3.5,0
2024-11-11,East,Electronics,34,991.42,7658.8,4.4,0
2024-01-08,East,Home & Garden,18,119.77,1282.68,3.8,0
2024-10-21,West,Sporting Goods,89,522.81,5294.0,4.9,1
2025-09-08,East,Apparel,106,1142.08,5048.75,4.0,0
2025-06-30,North,Sporting Goods,67,1099.44,4168.66,4.2,0
2025-07-07,East,Home & Garden,41,490.6,2879.72,4.5,0
2024-10-21,North,Home & Garden,43,560.79,3024.74,3.5,0
2024-07-01,East,Home & Garden,31,230.7,2481.02,4.1,0
2025-05-19,South,Electronics,23,760.94,4790.77,4.3,0
2025-07-28,East,Apparel,58,729.3,2576.51,4.1,0
2024-11-25,South,Home & Garden,57,438.33,4064.32,3.6,0
2025-03-24,North,Sporting Goods,46,383.92,2729.31,4.0,0
2025-01-06,East,Home & Garden,21,40.0,1423.34,4.9,0
2025-12-01,East,Apparel,132,873.7,5484.48,3.6,0
2024-04-29,West,Apparel,71,456.29,3235.63,4.5,0
2024-05-27,West,Electronics,27,677.93,5470.67,3.9,0
2024-05-20,East,Home & Garden,38,605.67,2829.7,4.2,0
2025-03-10,North,Sporting Goods,51,551.86,2919.41,3.1,0
2025-02-03,West,Apparel,60,474.12,2782.75,4.0,0
2025-10-13,East,Apparel,94,635.64,3825.63,4.1,0
2024-07-15,North,Home & Garden,39,479.39,2394.18,4.0,0
2024-04-15,West,Electronics,22,884.11,5015.8,4.8,0
2024-08-05,East,Sporting Goods,43,939.6,2816.88,4.2,0
2025-04-28,West,Home & Garden,94,835.03,6510.27,4.3,1
2025-01-06,West,Apparel,70,732.04,2913.58,4.0,0
2024-03-11,South,Electronics,15,328.66,3395.03,3.8,0
2025-03-17,West,Apparel,73,630.96,3199.14,3.9,0
2025-01-13,South,Apparel,40,592.15,1947.7,4.2,0
2024-03-25,West,Sporting Goods,48,1072.79,2889.69,4.1,0
2025-01-20,West,Sporting Goods,44,788.19,2516.82,3.6,0
2024-04-22,South,Home & Garden,29,391.54,2071.55,3.3,0
2025-12-01,East,Home & Garden,78,1052.41,6008.05,4.8,0
2025-05-26,West,Home & Garden,66,789.0,5262.56,4.6,0
2024-08-26,West,Electronics,24,457.67,6174.89,4.0,0
2024-01-08,South,Electronics,13,264.98,2933.36,3.9,0
2024-07-15,East,Home & Garden,33,184.91,2450.35,5.0,0
2024-02-12,North,Apparel,54,516.25,2398.33,3.7,0
2025-06-16,East,Electronics,23,802.52,5042.18,4.5,0
2025-09-01,East,Electronics,25,637.24,5088.95,4.7,0
2025-06-30,west,Sporting Goods,75,404.31,4864.39,3.4,0
2024-02-26,East,Sporting Goods,30,740.92,1630.92,4.0,0
2024-06-03,East,Sporting Goods,38,638.04,2088.74,4.2,0
2024-11-25,South,Apparel,133,1230.68,6311.02,4.4,1
2024-09-16,North,Apparel,84,412.41,4261.4,3.6,0
2025-08-25,South,Apparel,87,761.3,3943.68,3.4,0
2024-04-29,North,Sporting Goods,40,439.38,2560.21,3.7,0
2025-02-24,East,Home & Garden,36,324.04,2426.68,4.7,0
2025-02-10,East,Electronics,19,610.84,4038.43,3.9,1
2025-12-22,West,Electronics,46,1388.99,10032.61,4.1,0
2024-07-08,West,Apparel,68,314.58,2932.46,4.0,0
2025-11-24,east,Home & Garden,63,530.97,4379.51,4.5,0
2024-06-03,South,Home & Garden,38,415.95,2539.34,4.4,0
2025-12-15,East,Home & Garden,51,559.82,3415.18,4.2,0
2025-11-17,West,Electronics,56,1637.37,11641.48,4.5,0
2024-02-26,north,Electronics,21,553.67,4316.05,4.4,0
2024-07-08,South,Home & Garden,24,555.23,1669.17,4.1,0
2025-05-12,North,Home & Garden,50,600.16,3515.86,4.1,0
2024-08-26,East,Apparel,79,513.38,3098.64,3.8,0
2024-05-13,East,Apparel,53,654.3,2284.02,3.6,0
2025-03-31,South,Sporting Goods,47,390.76,2827.97,3.6,0
2025-09-08,West,Electronics,33,1153.98,7148.04,4.6,0
2025-04-28,West,Electronics,28,752.23,6420.58,4.0,0
2024-07-29,South,Electronics,21,657.43,4712.89,4.0,0
2025-06-02,South,Apparel,69,961.83,3918.15,3.6,0
2025-08-04,North,Sporting Goods,62,1115.41,3553.94,3.1,0
2025-03-17,North,Electronics,29,501.7,5895.8,3.8,1
2024-06-10,East,Electronics,14,569.28,3538.88,4.7,0
2024-03-04,south,Sporting Goods,29,683.33,1854.72,4.9,0
2024-11-25,North,Home & Garden,70,541.53,4697.7,3.7,0
2025-04-28,North,Home & Garden,49,537.96,3096.24,4.4,0
2024-07-15,South,Home & Garden,32,409.42,2413.41,4.2,0
2024-09-23,East,Sporting Goods,50,739.75,3059.32,3.6,1
2025-05-05,West,Home & Garden,48,762.48,2947.87,3.7,0
2025-09-01,North,Electronics,27,1012.76,6042.37,4.7,0
2024-09-30,South,Sporting Goods,57,607.02,3426.86,4.3,1
2025-10-27,East,Sporting Goods,83,890.02,4809.34,3.4,1
2024-12-02,North,Apparel,112,958.31,5413.02,3.9,0
2025-11-17,South,Electronics,47,987.69,10565.92,4.6,0
2024-07-22,South,Home & Garden,45,800.42,2965.54,4.1,1
2024-10-07,North,Electronics,32,633.53,6000.79,3.9,1
2024-11-11,West,Electronics,54,1490.72,12602.06,4.2,0
2024-07-08,North,Electronics,22,676.84,5084.9,3.9,0
2025-02-10,South,Sporting Goods,37,400.64,2206.42,3.8,0
2024-09-02,East,Electronics,20,476.82,4521.9,4.3,0
2024-08-12,West,Apparel,113,890.62,4709.67,4.5,0
2025-12-01,West,Electronics,61,1784.45,14825.86,4.3,0
2025-09-15,East,Electronics,22,354.5,4672.09,4.1,0
2025-01-13,North,Sporting Goods,40,495.96,2393.11,3.5,1
2025-04-21,South,Sporting Goods,48,664.41,3045.19,3.3,0
2024-10-07,East,Apparel,108,717.97,4897.51,4.4,1
2025-11-17,North,Home & Garden,51,764.62,3456.64,4.5,0
2024-06-10,West,Sporting Goods,61,812.6,3877.57,3.1,0
2024-10-21,west,Electronics,33,1208.55,8099.52,4.2,0
2025-05-05,North,Apparel,75,254.3,3769.39,3.6,0
2024-01-22,South,Sporting Goods,21,762.68,1131.04,4.8,0
2025-12-22,North,Sporting Goods,60,673.95,3299.39,3.9,0
2024-10-14,East,Home & Garden,44,895.03,2890.86,4.2,0
2025-02-17,North,Home & Garden,43,703.38,3009.26,4.0,0
2025-05-26,North,Electronics,22,1277.96,4826.77,4.4,0
2024-10-14,West,Apparel,97,937.43,4303.37,3.9,0
2025-09-08,North,Sporting Goods,59,747.57,3518.61,3.6,0
2024-03-11,East,Home & Garden,54,614.53,3773.66,4.6,0
2025-03-31,West,Home & Garden,70,817.65,6054.39,4.4,0
2025-09-08,East,Sporting Goods,51,563.74,2714.89,3.6,0
2025-04-07,West,Home & Garden,111,886.16,8137.76,4.5,1
2025-10-20,North,Electronics,36,1325.04,7758.85,3.7,0
2025-07-14,South,Sporting Goods,77,277.02,4357.99,3.4,0
2024-05-20,South,Apparel,77,441.82,3631.82,4.4,1
2024-05-20,south,Home & Garden,41,1092.58,2775.37,4.4,0
2025-02-03,North,Sporting Goods,38,288.49,2385.4,4.1,0
2024-04-22,East,Electronics,22,818.16,4898.98,3.7,0
2024-06-24,West,Home & Garden,41,884.7,3009.85,4.3,0
2024-06-24,East,Apparel,65,533.02,3368.97,3.7,0
2025-12-22,South,Apparel,165,1247.44,7498.77,4.0,1
2024-05-06,East,Apparel,58,640.29,2701.96,4.1,0
2025-06-16,East,Sporting Goods,57,394.14,3412.98,3.4,0
2025-02-17,East,Apparel,51,694.15,2267.8,4.0,0
2024-01-22,South,Home & Garden,17,50.44,1201.78,5.0,0
2025-09-22,West,Sporting Goods,53,828.52,2997.95,3.6,0
2024-10-07,East,Sporting Goods,44,824.03,2758.7,3.7,0
2025-01-06,North,Electronics,23,653.06,4561.5,4.3,0
2025-06-02,East,Sporting Goods,41,708.77,2269.37,3.8,0
2025-03-31,East,Apparel,69,492.35,3025.31,4.1,0
2025-10-06,South,Home & Garden,44,553.61,2988.98,4.1,0
2025-08-18,South,Sporting Goods,61,1049.9,3663.86,3.3,0
2025-02-24,West,Electronics,23,716.31,4272.35,4.6,0
2024-11-11,South,Electronics,38,660.72,9397.13,4.2,1
2025-09-08,South,Electronics,29,830.93,6249.14,4.0,0
2024-04-01,South,Apparel,60,1054.73,2817.61,3.8,0
2025-10-06,South,Sporting Goods,52,891.32,3304.6,3.5,0
2025-08-18,East,Apparel,82,823.78,3548.65,3.6,0
2025-09-29,West,Apparel,110,942.13,4848.96,4.0,0
2025-12-08,East,Electronics,39,962.49,9357.04,4.4,0
2024-07-22,East,Home & Garden,40,540.67,3209.19,4.2,0
2025-01-27,North,Sporting Goods,43,922.23,2532.24,4.1,1
2024-06-24,South,Sporting Goods,58,584.73,3528.44,,0
2024-03-25,South,Sporting Goods,39,843.42,2751.1,4.2,0
2025-02-03,East,Apparel,48,466.02,2344.24,3.9,0
2024-11-18,north,Apparel,137,911.54,5604.69,3.5,0
2024-09-09,East,Home & Garden,27,813.3,1754.88,4.6,0
2025-03-17,West,Sporting Goods,56,581.29,3163.94,3.7,0
2024-12-23,North,Electronics,34,1380.09,7257.78,4.2,0
2024-09-23,West,Apparel,116,882.21,5309.12,4.5,1
2024-04-01,East,Electronics,21,822.71,5083.49,4.7,0
2025-01-20,West,Apparel,46,790.27,2116.36,4.5,0
2024-04-15,West,Apparel,81,1164.1,3837.64,3.8,0
2024-03-04,East,Electronics,15,835.8,3573.14,4.4,0
2024-03-25,North,Home & Garden,50,354.77,3557.03,4.3,0
2024-09-16,East,Home & Garden,50,670.44,4047.43,3.8,1
2024-08-19,North,Home & Garden,43,1043.42,3280.39,4.1,0
2024-12-09,West,Home & Garden,71,753.42,5138.21,4.2,0
2025-03-03,East,Home & Garden,48,613.08,3290.32,4.1,0
2025-04-21,North,Apparel,107,794.86,4477.78,4.0,1
2024-01-29,South,Electronics,8,674.23,1794.51,4.3,0
2024-06-03,North,Apparel,57,691.91,2372.07,3.6,0
2024-02-26,North,Home & Garden,34,672.34,2195.49,4.2,0
2024-08-19,west,Electronics,29,1178.34,6883.07,4.3,0
2025-08-11,East,Apparel,67,488.18,3085.95,4.5,0
2024-05-06,West,Electronics,28,864.08,5827.49,4.4,1
2025-03-24,West,Home & Garden,61,330.23,3611.54,4.7,0
2025-09-01,East,Apparel,87,352.17,4494.05,3.4,0
2025-05-05,South,Electronics,23,1142.41,4796.98,4.3,0
2025-11-10,East,Home & Garden,56,1026.88,4134.07,4.3,0
2025-03-31,East,Home & Garden,53,872.74,3657.64,4.4,0
2024-04-15,North,Electronics,26,1178.18,5070.33,4.7,0
2024-10-28,East,Sporting Goods,61,766.39,4140.09,4.3,0
2025-01-27,East,Apparel,48,715.13,2105.41,3.7,0
2025-10-27,North,Apparel,106,447.16,4873.92,3.9,0
2025-11-10,West,Home & Garden,76,876.45,4887.97,4.8,0
2025-04-21,South,Home & Garden,50,1088.85,3213.03,4.8,0
2025-04-28,South,Electronics,21,447.09,5033.96,4.5,0
2024-03-18,East,Sporting Goods,37,437.15,2581.57,4.4,0
2025-01-13,East,Home & Garden,22,295.58,1459.36,3.8,0
2025-06-23,East,Electronics,22,716.98,4663.73,3.3,0
2025-05-26,North,Sporting Goods,54,790.84,3313.54,3.3,0
2025-10-27,West,Electronics,35,1203.07,7488.43,4.6,0
2025-12-15,South,Electronics,41,1646.65,8870.76,4.4,0
2024-03-18,South,Electronics,15,794.42,3248.45,3.7,0
2024-05-06,West,Home & Garden,58,805.7,3622.84,5.0,0
2024-07-01,West,Sporting Goods,94,1185.99,5868.84,3.8,1
2024-04-29,East,Sporting Goods,39,541.97,2356.2,4.7,0
2024-06-24,East,Home & Garden,28,697.76,2085.21,4.3,0
2025-11-17,West,Home & Garden,102,567.33,7210.67,4.0,0
2025-12-01,South,Apparel,200,1152.78,10098.73,3.5,1
2024-08-12,South,Apparel,81,861.02,3665.58,4.0,0
2025-02-17,West,Apparel,72,824.08,3769.81,4.6,0
2025-06-23,South,Home & Garden,43,669.95,2613.03,4.3,0
2025-10-20,East,Apparel,76,685.25,3778.64,4.2,0
2024-07-15,West,Sporting Goods,69,829.14,4383.3,4.6,0
2024-10-28,South,Home & Garden,50,156.89,3289.37,4.6,0
2024-02-12,West,Apparel,54,263.81,2376.3,4.1,0
2025-09-29,West,Sporting Goods,74,1204.88,4990.33,3.9,0
2024-02-19,East,Home & Garden,33,546.98,2224.93,4.4,1
2025-03-10,West,Apparel,79,636.42,3355.39,4.1,0
2024-09-02,North,Home & Garden,33,519.73,2563.1,3.6,0
2024-08-05,West,Home & Garden,41,613.84,2747.7,5.0,0
2024-04-29,east,Electronics,22,514.36,4931.25,4.4,0
2024-12-16,North,Electronics,33,873.15,6559.84,4.4,0
2025-05-19,West,Home & Garden,56,780.61,3697.96,4.1,0
2025-10-13,North,Sporting Goods,83,872.28,5092.28,2.9,1
2025-12-22,East,Home & Garden,55,369.43,3784.42,4.4,0
2024-08-12,South,Home & Garden,33,497.98,2436.88,4.8,0
2024-11-04,North,Sporting Goods,71,42.7,3794.53,3.6,0
2025-08-18,East,Sporting Goods,47,40.0,2588.35,3.6,0
2024-01-29,North,Sporting Goods,23,353.64,1358.66,4.8,0
2025-07-21,South,Apparel,109,793.34,4645.53,4.6,1
2025-10-20,South,Apparel,110,413.68,5276.69,4.0,0
2025-06-09,North,Sporting Goods,49,387.41,3120.42,3.5,0
2025-07-28,West,Electronics,27,1259.51,5819.53,3.8,0
2025-03-17,South,Sporting Goods,45,725.51,2898.74,3.5,0
2025-08-25,West,Home & Garden,40,893.13,2945.91,4.3,0
2024-08-05,West,Sporting Goods,65,981.99,3549.37,3.9,0
2024-11-25,North,Sporting Goods,91,748.88,5739.05,3.9,0
2025-05-05,West,Electronics,20,740.05,4808.75,4.3,0
2024-05-13,West,Home & Garden,42,443.31,2742.19,4.0,0
2024-10-28,West,Apparel,106,1084.53,4770.87,4.5,0
2024-02-26,South,Electronics,18,953.0,4285.77,4.1,1
2025-12-08,South,Home & Garden,68,807.36,5148.42,4.5,0
2025-05-05,North,Electronics,23,494.6,5015.55,3.9,0
2025-01-06,East,Electronics,15,762.93,3387.05,4.5,0
2025-05-12,East,Apparel,61,295.73,3006.37,4.0,0
2024-02-19,West,Apparel,56,528.36,2496.81,3.9,0
2024-09-16,East,Sporting Goods,37,382.01,2128.22,3.9,0
2024-12-02,West,Apparel,185,1243.2,7155.91,3.2,1
2025-07-28,north,Home & Garden,40,497.63,3078.89,,0
2024-05-06,North,Apparel,60,313.21,2519.33,4.5,0
2024-02-05,North,Apparel,44,501.83,2066.33,3.3,0
2024-01-22,South,Apparel,35,436.47,1620.74,4.0,0
2025-11-24,West,Apparel,146,1076.64,7100.56,4.1,0
2024-01-15,East,Electronics,18,583.73,4131.63,3.5,1
2025-01-13,South,Home & Garden,30,624.86,2155.97,4.7,0
2024-04-22,South,Apparel,52,334.37,2173.38,4.3,0
2024-02-05,North,Sporting Goods,30,379.22,2049.23,4.3,0
2025-01-06,South,Sporting Goods,32,48.85,1870.77,4.4,0
2025-07-21,North,Home & Garden,34,724.63,2481.62,5.0,0
2025-03-17,East,Apparel,72,396.36,3172.47,3.9,1
2025-02-24,North,Electronics,23,745.55,4465.3,4.2,0
2024-08-12,North,Apparel,97,1022.59,4455.62,4.5,0
2025-04-21,North,Electronics,19,698.98,4555.73,4.1,0
2025-09-01,West,Electronics,31,913.47,6739.23,4.4,0
2024-12-02,North,Sporting Goods,80,639.85,4444.57,4.0,0
2025-07-14,West,Sporting Goods,85,1128.38,5080.43,,0
2025-12-08,South,Electronics,42,1175.25,8822.17,4.4,0
2025-08-04,East,Home & Garden,34,556.39,2443.71,4.3,0
2025-10-27,East,Apparel,115,789.65,4572.06,3.8,0
2024-01-22,North,Electronics,15,1121.05,2938.06,3.7,0
2025-08-18,West,Sporting Goods,42,879.96,2878.17,4.2,0
2024-07-22,North,Sporting Goods,65,638.79,3377.19,4.2,0
2024-03-04,East,Apparel,55,305.13,2664.66,4.1,0
2025-11-10,East,Sporting Goods,78,718.97,4584.21,3.3,0
2024-06-17,East,Home & Garden,34,220.08,2395.56,4.1,0
2024-02-19,East,Sporting Goods,31,70.33,1647.62,4.6,0
2024-06-03,North,Sporting Goods,55,432.24,3054.48,4.8,0
2024-02-26,South,Home & Garden,25,711.82,1735.97,3.4,0
2024-04-22,West,Electronics,29,917.36,6787.21,5.0,0
2024-06-17,North,Apparel,59,554.72,2469.51,4.4,0
2024-04-01,West,Electronics,23,604.42,5621.54,4.5,0
2024-01-15,East,Apparel,32,552.27,1281.0,3.9,0
2024-04-01,East,Sporting Goods,37,191.35,2333.22,4.0,0
2025-06-16,West,Sporting Goods,78,137.02,4972.36,3.1,0
2025-12-08,North,Home & Garden,74,1099.87,5396.49,4.8,0
2025-10-20,South,Sporting Goods,68,661.39,4045.44,3.9,0
2024-12-16,South,Electronics,39,741.98,8286.87,4.4,0
2024-08-19,West,Apparel,86,411.96,3766.59,4.3,0
2025-04-14,North,Apparel,73,342.27,3342.06,3.3,0
2025-08-25,South,Electronics,24,662.99,4862.6,4.5,0
2025-10-13,West,Home & Garden,61,720.47,3633.61,4.6,0
2025-03-03,North,Apparel,54,569.66,2602.36,4.2,0
2025-06-23,North,Apparel,91,794.59,4658.39,4.0,0
2024-09-30,East,Sporting Goods,44,302.64,2607.07,3.7,0
2025-04-14,West,Apparel,81,950.76,3478.3,4.0,0
2025-02-17,East,Home & Garden,36,502.48,2421.88,3.9,0
2025-07-28,South,Sporting Goods,56,717.34,3889.01,3.1,0
2025-09-29,North,Sporting Goods,55,677.7,3260.34,3.7,0
2025-10-13,North,Home & Garden,45,536.03,2868.38,4.4,0
2025-06-16,South,Sporting Goods,67,628.67,3685.24,3.4,0
2025-10-20,West,Sporting Goods,70,261.54,4003.85,2.9,0
2025-02-17,South,Electronics,22,1264.61,4941.72,4.3,0
2025-08-25,South,Home & Garden,44,416.37,2980.99,4.4,0
2024-05-27,North,Electronics,17,948.81,4010.7,3.9,0
2024-04-08,East,Electronics,18,267.67,4310.26,3.3,0
2024-10-28,East,Home & Garden,35,51.36,2588.12,4.3,0
2025-09-29,North,Home & Garden,38,303.45,2859.19,4.7,0
2024-07-22,South,Electronics,23,1364.62,5925.17,4.5,1
2024-09-23,North,Sporting Goods,44,859.06,2606.75,4.2,0
2024-12-09,South,Electronics,36,1297.66,8663.91,3.7,0
2024-11-18,West,Sporting Goods,86,1210.48,4898.13,4.9,0
2025-10-13,South,Apparel,116,962.43,5097.79,3.2,0
2024-09-09,East,Apparel,87,574.18,3918.72,3.7,0
2024-03-25,West,Apparel,74,226.69,3523.86,3.3,0
2024-01-01,North,Sporting Goods,33,675.86,1984.43,4.4,0
2025-06-09,West,Sporting Goods,72,446.34,3929.33,4.3,0
2025-06-16,North,Electronics,26,352.3,5215.12,4.1,0
2025-03-17,East,Home & Garden,49,714.99,3230.5,4.1,0
2025-11-03,North,Sporting Goods,72,723.95,3997.67,3.8,0
2025-03-17,West,Home & Garden,74,745.65,4710.28,3.8,0
2025-06-09,South,Apparel,74,376.18,3493.29,4.2,0
2025-09-22,South,Electronics,22,486.99,4790.09,4.0,0
2024-10-14,North,Electronics,26,298.76,5841.87,4.1,0
2025-01-13,West,Home & Garden,34,803.96,2152.33,4.9,1
2025-05-05,North,Sporting Goods,56,290.82,3578.65,3.8,0
2024-10-28,West,Home & Garden,71,668.62,5165.47,4.5,0
2024-12-23,West,Apparel,105,707.51,4736.95,4.1,0
2025-10-27,West,Sporting Goods,72,476.88,4255.33,3.8,0
2025-10-13,West,Apparel,109,853.86,5099.28,4.2,0
2024-03-04,West,Apparel,90,1084.6,4650.83,4.0,1
2024-12-30,North,Apparel,43,40.0,2062.22,4.1,0
2024-07-15,West,Home & Garden,43,960.45,3276.68,4.3,0
2024-03-11,north,Electronics,31,1241.89,7623.2,4.2,1
2024-05-13,North,Apparel,56,40.0,2143.01,3.9,0
2024-08-26,North,Sporting Goods,42,489.56,2187.29,4.6,0
2024-06-17,East,Sporting Goods,50,649.9,2972.55,4.7,0
2024-06-17,West,Sporting Goods,72,748.33,4499.47,4.5,0
2025-04-07,East,Sporting Goods,51,697.1,2987.5,3.6,1
2025-12-08,North,Apparel,139,1030.52,6615.2,4.2,0
2024-11-18,South,Home & Garden,57,796.57,3704.8,3.9,0
2025-07-21,North,Apparel,-16,500.23,4500.82,4.3,0
2025-09-01,West,Apparel,107,1042.6,4584.44,,0
2024-10-21,East,Sporting Goods,56,518.14,2872.9,4.2,0
2025-04-28,North,Electronics,24,927.69,5302.7,4.5,0
2024-01-22,West,Home & Garden,30,158.67,2370.66,4.5,0
2025-12-01,North,Apparel,142,584.95,6432.28,4.2,0
2025-03-24,West,Apparel,83,241.01,3793.97,4.1,0
2024-07-15,East,Apparel,48,530.23,2295.24,4.4,0
2024-10-14,North,Home & Garden,41,875.8,3106.89,4.6,0
2024-07-22,West,Home & Garden,45,832.71,2758.55,4.5,0
2024-12-02,North,Electronics,40,1008.64,9132.71,4.3,0
2025-06-23,West,Apparel,108,454.96,4698.55,3.9,0
2024-09-23,East,Apparel,77,292.09,20970.66,4.0,0
2025-11-03,West,Apparel,179,1010.77,7435.57,3.6,0
2024-12-09,South,Apparel,100,999.45,4455.49,4.1,0
2025-06-02,East,Home & Garden,31,1118.36,2140.93,4.7,0
2025-08-18,South,Electronics,30,726.9,7384.66,4.1,1
2024-05-27,East,Sporting Goods,47,930.25,2779.44,3.7,0
2025-03-03,South,Sporting Goods,43,508.03,2232.63,3.5,0
2024-07-08,West,Home & Garden,36,713.62,2572.61,4.5,0
2024-10-07,East,Home & Garden,40,961.51,2815.1,4.0,0
2025-10-13,West,Electronics,53,1999.12,12302.83,4.3,1
2024-06-10,East,Sporting Goods,57,748.79,3061.92,3.4,0
2024-09-02,South,Electronics,19,765.61,3711.16,4.5,0
2025-09-22,West,Electronics,34,1760.62,7822.21,3.8,0
2024-11-25,West,Apparel,157,811.1,6737.38,3.9,0
2025-03-03,North,Home & Garden,49,955.59,3210.38,5.0,0
2024-04-08,South,Sporting Goods,36,81.0,2301.0,4.1,0
2025-09-29,North,Apparel,92,1018.29,4486.2,3.7,0
2024-06-10,West,Home & Garden,38,512.0,2687.86,4.1,0
2024-12-30,South,Apparel,53,95.92,2603.07,4.0,0
2024-01-29,East,Electronics,11,46.91,2614.35,3.8,0
2024-01-29,South,Home & Garden,27,309.76,1902.52,4.6,1
2025-04-21,East,Home & Garden,53,788.29,4201.66,4.4,0
2024-11-11,North,Electronics,35,1332.03,7405.04,4.0,0
2024-03-11,East,Sporting Goods,32,576.82,2010.97,4.4,0
2024-11-11,West,Home & Garden,74,695.82,5367.23,4.3,0
2024-03-11,East,Electronics,17,506.94,4448.68,4.1,0
2024-07-29,West,Apparel,69,296.78,2680.24,3.9,0
2025-09-08,West,Sporting Goods,77,726.2,4698.14,3.5,1
2025-01-06,North,Sporting Goods,44,531.09,2730.71,3.9,1
2024-04-29,North,Electronics,23,703.8,4813.76,4.1,0
2025-04-14,West,Sporting Goods,65,660.48,4017.74,4.0,0
2024-07-01,South,Electronics,18,595.43,4330.39,3.9,0
2024-02-05,West,Home & Garden,35,543.62,2380.8,4.2,0
2025-05-12,West,Apparel,87,480.54,4075.16,5.0,0
2025-09-08,North,Apparel,108,1346.28,4737.53,,0
2024-01-15,East,Home & Garden,17,360.04,1157.2,4.2,0
2024-01-22,East,Electronics,16,906.54,3391.74,4.4,1
2025-12-08,North,Electronics,61,1089.68,10803.52,4.6,1
2024-12-30,West,Apparel,71,856.18,3304.71,4.0,0
2025-04-14,East,Home & Garden,58,855.87,3745.57,4.0,0
2024-12-02,West,Sporting Goods,99,1303.02,6374.48,3.4,0
2024-01-15,South,Home & Garden,18,40.0,1344.23,3.9,0
2024-05-13,North,Home & Garden,53,514.96,3892.12,3.6,0
2025-05-12,East,Home & Garden,46,443.1,3470.49,4.4,0
2025-05-26,North,Home & Garden,50,1034.62,4225.52,4.2,0
2025-03-24,South,Electronics,23,586.24,5200.13,4.0,0
2024-06-24,East,Electronics,20,722.33,4555.24,3.9,0
2024-03-11,South,Home & Garden,37,827.09,2762.34,3.4,0
2024-08-19,South,Home & Garden,30,463.8,2061.83,4.2,0
2024-09-09,South,Sporting Goods,40,742.2,2329.73,3.9,0
2025-04-07,North,Electronics,20,457.86,4171.46,3.7,0
2025-11-24,South,Apparel,159,895.49,6992.63,3.4,0
2025-06-09,North,Electronics,24,707.27,5000.42,4.0,0
2025-11-17,East,Sporting Goods,69,791.87,3683.31,3.2,0
2025-10-20,South,Home & Garden,54,635.46,3513.83,3.4,0
2025-04-21,West,Home & Garden,74,912.6,5434.73,4.0,0
2024-05-13,West,Electronics,20,867.44,4678.47,3.4,0
2025-04-14,East,Apparel,71,220.41,2964.53,4.1,0
2025-09-22,North,Home & Garden,43,562.11,2988.16,4.4,0
2024-08-12,South,Electronics,18,867.19,3837.96,3.9,0
2025-04-14,South,Apparel,64,490.84,3234.51,3.9,0
2025-09-01,East,Sporting Goods,40,56.99,2389.83,3.1,0
2024-08-19,South,Apparel,75,312.84,3070.23,3.9,0
2024-12-16,East,Home & Garden,48,556.98,3834.03,4.3,0
2024-11-18,East,Sporting Goods,76,1376.02,5034.17,3.9,0
2025-11-24,east,Apparel,120,343.05,5225.02,3.7,0
2024-08-26,South,Electronics,19,415.43,3863.73,4.1,0
2024-10-14,West,Electronics,28,599.47,6086.46,4.2,0
2025-08-25,North,Home & Garden,41,526.77,2910.17,4.1,0
2024-07-15,South,Apparel,66,899.34,2493.75,4.0,0
2024-09-16,west,Home & Garden,40,489.81,2328.92,4.8,0
2025-09-15,North,Electronics,20,582.51,4432.65,4.3,0
2025-09-29,South,Sporting Goods,58,461.82,3489.62,4.0,1
2024-09-16,South,Home & Garden,-15,298.46,2384.74,4.4,0
2024-11-18,North,Electronics,42,1192.5,7822.91,4.2,0
2024-12-30,North,Sporting Goods,50,363.87,2577.14,4.0,1
2024-09-02,East,Home & Garden,29,938.67,1858.37,4.1,0
2025-08-11,South,Electronics,21,803.21,4586.6,3.5,0
2024-01-22,West,Apparel,39,706.14,1860.26,4.2,0
2025-05-19,East,Home & Garden,70,578.02,4755.98,4.0,1
2024-08-19,east,Electronics,18,921.48,4411.19,4.4,0
2025-12-22,east,Apparel,92,510.33,3975.65,4.5,0
2025-08-04,South,Home & Garden,40,244.41,2705.42,4.0,0
2024-04-15,South,Electronics,19,584.39,3288.42,3.8,1
2024-01-08,East,Apparel,44,478.53,1790.83,3.7,0
2024-04-01,West,Home & Garden,63,625.81,3915.05,4.8,0
2025-08-18,West,Home & Garden,48,565.41,3430.33,4.2,0
2024-02-12,East,Apparel,41,802.56,1922.08,4.5,0
2024-10-21,North,Apparel,86,864.07,3186.22,3.8,0
2024-10-07,North,Home & Garden,47,611.63,3110.32,4.7,0
2025-02-03,West,Sporting Goods,47,409.13,2650.09,,0
2024-10-14,East,Apparel,77,958.34,3842.61,3.9,0
2024-08-05,West,Apparel,99,854.9,4673.58,3.9,0
2024-02-26,North,Sporting Goods,37,451.87,2245.86,4.5,0
2025-05-19,North,Electronics,18,514.44,4210.22,3.6,0
2024-07-08,West,Electronics,30,1045.95,6609.06,4.2,1
2024-12-16,North,Home & Garden,66,642.8,4734.11,4.2,0
2024-08-05,West,Electronics,24,1071.74,5267.58,3.6,0
2025-09-22,South,Home & Garden,46,436.37,3321.14,4.1,0
2024-02-05,East,Sporting Goods,30,696.43,1823.6,4.7,0
2024-01-29,East,Sporting Goods,29,470.09,1515.13,4.9,0
2024-01-15,South,Electronics,11,716.2,2527.61,4.4,0
2025-10-06,East,Apparel,69,306.61,2932.47,3.7,0
2024-01-22,East,Apparel,32,435.6,1463.58,3.9,0
2024-03-25,South,Electronics,19,623.9,3745.8,4.4,0
2025-08-25,West,Sporting Goods,55,481.82,3113.88,3.6,0
2025-01-13,West,Electronics,19,546.55,4156.56,,0
2024-05-20,North,Apparel,66,379.69,3376.31,3.5,0
2025-08-11,West,Apparel,132,899.48,6738.68,3.9,0
2024-12-23,East,Electronics,28,895.36,5470.34,4.6,0
2024-07-22,West,Apparel,86,713.78,3998.04,3.5,0
2024-02-05,South,Home & Garden,18,522.72,1204.54,4.5,0
2025-11-03,East,Apparel,129,849.62,6315.83,4.3,1
2024-09-02,North,Apparel,78,928.56,3666.03,4.3,0
2024-05-20,West,Home & Garden,46,640.41,3256.45,4.4,0
2025-12-22,North,Home & Garden,64,753.9,3954.25,4.6,0
2025-12-15,North,Home & Garden,72,683.63,4969.24,4.5,0
2025-08-25,East,Home & Garden,41,318.71,2842.14,4.0,0
2025-11-10,North,Electronics,51,1250.68,10830.49,4.1,0
2024-11-04,South,Electronics,34,837.78,6339.42,4.2,0
2025-04-14,South,Home & Garden,68,1516.04,5133.11,4.3,0
2025-07-21,South,Home & Garden,37,809.5,2576.76,4.0,0
2025-07-21,East,Sporting Goods,51,437.31,3028.21,3.5,0
2024-08-19,East,Home & Garden,26,395.83,1639.69,4.2,0
2025-06-09,South,Home & Garden,45,745.22,2736.73,4.2,0
2025-02-17,South,Sporting Goods,35,535.21,2347.71,3.0,0
2025-08-11,East,Electronics,23,708.43,5845.0,,0
2024-12-09,South,Home & Garden,63,647.3,4776.77,,0
2024-07-01,North,Home & Garden,42,606.58,3036.77,4.1,0
2025-04-28,North,Apparel,67,533.99,2504.18,3.7,0
2025-11-10,West,Apparel,155,942.78,6372.48,3.9,0
2025-11-03,South,Apparel,143,1655.53,6250.11,3.6,0
2024-09-02,West,Apparel,86,896.58,3721.98,3.7,0
2025-07-28,East,Electronics,28,1099.7,5670.9,3.6,1
2025-09-15,North,Apparel,76,560.49,3377.33,4.1,0
2024-05-20,West,Electronics,20,673.19,4011.85,4.5,0
2024-11-11,West,Sporting Goods,94,734.75,5623.11,3.9,0
2025-10-20,North,Home & Garden,55,740.41,3348.15,4.6,0
2024-09-02,West,Home & Garden,37,447.99,2501.46,4.8,0
2025-09-22,North,Electronics,25,704.84,5247.39,4.7,0
2025-06-23,North,Electronics,24,891.07,4375.07,4.2,0
2025-06-16,East,Home & Garden,38,675.05,3010.38,4.8,0
2025-10-27,South,Sporting Goods,79,409.81,4584.17,3.7,0
2025-08-11,West,Home & Garden,56,539.55,3704.5,5.0,0
2025-02-03,North,Electronics,19,351.56,3765.91,3.9,0
2025-04-21,East,Apparel,67,707.19,2799.94,4.0,0
2025-07-28,North,Sporting Goods,61,240.58,3407.69,3.5,0
2024-01-01,East,Electronics,14,504.18,3018.99,4.2,0
2025-11-03,West,Home & Garden,92,793.79,5869.28,3.8,0
2025-09-22,North,Sporting Goods,47,865.8,2761.34,3.3,0
2025-03-10,North,Apparel,72,384.4,3105.44,3.7,0
2024-05-13,North,Electronics,22,975.35,5034.39,4.1,0
2025-09-01,North,Sporting Goods,65,1065.03,4383.86,3.8,0
2025-04-28,West,Apparel,102,1044.73,5299.84,3.5,0
2024-01-29,East,Home & Garden,21,952.37,1648.27,4.6,0
2025-12-01,South,Electronics,48,1121.9,10478.38,4.2,0
2024-08-12,East,Home & Garden,36,348.67,2263.53,4.2,0
2024-05-20,West,Sporting Goods,61,645.35,3394.86,4.3,0
2024-09-02,East,Apparel,72,520.51,3424.09,4.2,0
2024-09-09,West,Home & Garden,57,664.49,3900.3,4.4,1
2024-02-05,East,Electronics,12,596.33,2665.86,4.3,0
2025-07-21,West,Electronics,24,888.14,4713.44,4.3,0
2024-04-01,East,Apparel,72,683.08,3322.38,4.0,1
2024-11-04,East,Electronics,37,745.32,8175.83,4.4,0
2025-05-19,north,Apparel,79,599.24,3887.78,4.2,0
2024-03-11,West,Apparel,57,423.22,2570.4,3.8,0
2025-11-03,South,Home & Garden,85,547.36,5567.82,4.2,1
2024-04-01,West,Apparel,81,703.87,3891.8,4.2,0
2024-05-13,West,Sporting Goods,49,556.31,2704.23,3.9,0
2025-10-27,West,Apparel,132,919.11,6130.85,4.0,0
2025-10-13,West,Sporting Goods,72,706.8,3582.12,3.5,0
2025-09-22,West,Apparel,114,789.15,5973.24,4.0,0
2024-04-22,East,Home & Garden,66,776.65,4240.77,4.3,1
2024-01-01,South,Home & Garden,19,374.1,1232.66,4.5,0
2025-07-07,North,Electronics,18,483.7,3737.18,4.5,0
2025-02-24,West,Sporting Goods,47,444.59,3132.85,3.2,0
2024-11-18,North,Home & Garden,83,1383.61,5740.67,4.3,1
2024-02-26,East,Home & Garden,37,625.32,2707.39,4.2,0
2024-03-11,North,Sporting Goods,51,772.52,3004.99,4.1,1
2025-08-25,East,Apparel,78,869.09,3094.21,3.5,0
2024-09-16,North,Home & Garden,39,453.28,2633.97,3.7,0
2025-11-17,West,Apparel,195,1210.8,8676.81,3.8,0
2025-10-06,West,Electronics,34,1099.88,6917.79,3.8,0
2025-08-18,South,Home & Garden,58,1092.29,4082.3,4.7,1
2025-10-20,North,Apparel,88,773.17,3360.11,4.5,0
2025-11-24,South,Sporting Goods,94,451.41,5658.02,2.8,0
2025-06-09,East,Electronics,18,251.0,3785.65,4.6,0
2025-11-03,East,Sporting Goods,49,790.42,2911.44,3.2,0
2024-08-12,East,Sporting Goods,51,532.84,2943.41,3.9,1
2025-03-31,North,Home & Garden,59,895.91,4256.91,4.3,0
2024-12-16,South,Home & Garden,56,444.88,4250.69,4.6,0
2025-01-20,North,Home & Garden,27,279.35,1881.29,4.0,0
2025-07-14,North,Home & Garden,50,151.58,3420.41,4.1,0
2024-09-09,North,Home & Garden,37,481.01,2709.99,4.3,0
2025-08-04,North,Electronics,26,1064.73,5732.16,4.6,0
2024-01-08,North,Sporting Goods,33,564.52,1926.4,4.1,1
2025-01-06,East,Apparel,41,705.22,1807.68,4.4,0
2024-09-30,East,Apparel,70,718.18,2911.91,4.9,0
2025-02-17,North,Apparel,66,458.87,2582.16,4.1,0
2024-09-23,East,Home & Garden,28,162.76,12029.880000000001,3.9,0
2025-04-14,North,Sporting Goods,47,484.91,3032.0,3.4,0
2024-10-07,West,Sporting Goods,68,434.54,4074.3,3.0,0
2025-03-17,North,Sporting Goods,71,864.33,4767.94,3.7,1
2025-06-23,West,Sporting Goods,74,441.86,4990.14,3.7,0
2024-02-26,East,Apparel,52,451.92,2408.68,3.8,0
2024-08-26,West,Apparel,84,449.4,3903.14,4.2,0
2024-10-28,East,Apparel,86,771.2,4216.8,3.5,0
2025-08-25,North,Sporting Goods,78,644.47,4625.7,3.5,1
2025-01-20,East,Electronics,15,662.3,3134.01,4.0,0
2025-08-11,East,Home & Garden,35,294.13,2564.09,4.2,0
2024-07-15,North,Electronics,19,764.53,3952.52,4.2,0
2024-06-10,North,Electronics,22,794.19,4817.19,4.7,0
2025-11-17,East,Electronics,62,1802.58,14366.27,3.7,1
2025-02-24,north,Apparel,62,466.51,2810.15,4.1,0
2024-05-20,South,Sporting Goods,38,400.52,2204.43,4.2,0
2024-05-13,West,Apparel,113,1022.15,5212.68,3.8,1
2025-07-14,North,Electronics,24,511.49,5009.38,4.3,0
2025-06-23,East,Apparel,67,801.06,2776.45,3.9,0
2024-08-19,North,Electronics,25,978.78,5716.84,4.1,0
2024-08-12,West,Home & Garden,39,470.37,2928.74,4.8,0
2024-02-05,South,Sporting Goods,17,287.34,1028.6,4.2,0
2024-07-22,West,Sporting Goods,65,507.75,3666.64,3.5,0
2024-05-27,North,Home & Garden,62,688.42,4286.01,4.3,1
2025-09-01,South,Electronics,30,992.93,7206.91,4.1,0
2024-10-14,North,Apparel,85,606.58,3223.52,4.3,0
2024-03-04,South,Electronics,23,615.27,4752.54,3.4,1
2025-08-18,North,Apparel,78,441.81,4045.39,4.0,0
2025-11-03,West,Electronics,42,1058.37,8492.1,4.0,0
2024-01-08,west,Electronics,14,797.88,2795.86,3.9,0
2024-04-15,South,Home & Garden,60,876.16,4202.42,4.5,1
2024-06-03,West,Apparel,56,517.73,2808.75,4.2,0
2025-03-03,East,Apparel,44,487.88,1990.06,4.1,0
2025-06-16,North,Apparel,70,427.11,3041.0,4.2,0
2025-07-07,North,Home & Garden,51,760.93,3187.9,4.7,0
2024-03-25,South,Home & Garden,45,661.14,3144.0,4.1,1
2025-05-05,South,Apparel,83,357.23,4136.99,4.1,0
2025-02-24,South,Sporting Goods,39,394.96,2292.36,3.8,0
2024-11-18,East,Electronics,48,1492.33,10782.5,4.1,1
2025-11-17,East,Apparel,135,594.54,7273.38,3.4,0
2024-03-25,North,Electronics,20,842.71,4892.88,4.3,0
2024-06-24,South,Electronics,18,594.77,3797.77,4.4,0
2025-10-27,East,Home & Garden,59,877.55,4413.29,4.6,0
2024-07-29,North,Sporting Goods,52,658.42,3261.12,3.5,0
2024-03-04,West,Home & Garden,49,962.99,3174.7,4.2,0
2024-05-13,East,Sporting Goods,45,505.49,2725.02,4.2,0
2024-04-22,North,Electronics,21,998.81,4917.07,4.3,0
2024-01-01,South,Sporting Goods,23,790.3,1256.63,4.6,0
2025-08-04,South,Apparel,94,760.9,4036.93,3.6,0
2024-12-09,South,Sporting Goods,82,690.04,4857.98,3.6,0
2025-06-16,West,Electronics,33,1323.64,6324.01,,0
2024-06-17,North,Electronics,14,521.34,3168.78,4.1,0
2025-03-17,West,Electronics,27,769.52,6088.83,4.5,0
2024-03-18,North,Apparel,71,615.05,2805.32,,0
2025-02-10,North,Home & Garden,33,196.47,2300.32,3.9,0
2024-12-30,East,Electronics,17,478.63,4173.28,4.3,1
2024-05-13,East,Home & Garden,36,573.86,2396.48,,0
2024-06-03,South,Apparel,60,938.08,2316.31,3.7,0
2025-08-11,South,Sporting Goods,63,670.31,3686.3,3.0,0
2024-12-30,East,Apparel,45,614.85,2199.74,4.4,0
2024-05-06,East,Home & Garden,37,314.59,2480.98,4.4,0
2024-07-15,South,Sporting Goods,47,699.16,2690.36,4.3,0
2024-08-19,West,Sporting Goods,57,822.34,3555.96,4.0,0
2025-06-02,West,Sporting Goods,81,820.48,4844.04,3.6,0
2024-10-14,South,Home & Garden,37,45.01,2695.78,5.0,0
2024-09-16,South,Electronics,19,594.54,4086.94,4.3,0
2024-08-05,East,Apparel,55,488.58,2710.19,3.9,0
2025-01-27,South,Home & Garden,31,629.59,1980.57,4.0,0
2025-12-01,West,Home & Garden,76,1149.63,4846.26,4.4,0
2024-10-21,West,Apparel,83,404.36,3678.41,3.6,0
2024-08-12,West,Sporting Goods,59,1079.44,3345.54,,0
2025-09-01,West,Home & Garden,44,729.99,2932.22,4.0,0
2024-03-04,West,Sporting Goods,50,678.0,3148.91,3.7,1
2024-12-09,West,Sporting Goods,99,1343.94,5944.64,3.8,0
2024-01-01,North,Home & Garden,30,286.77,2249.43,4.5,0
2024-06-03,East,Electronics,17,784.47,3646.11,4.0,0
2025-10-06,East,Electronics,26,1161.32,6343.25,4.4,0
2024-03-25,East,Home & Garden,63,729.3,4523.7,4.4,1
2025-10-27,South,Home & Garden,53,528.42,3838.54,4.4,0
2025-09-29,East,Home & Garden,39,503.66,2653.48,,0
2025-02-24,South,Electronics,18,1032.62,4233.91,4.0,0
2024-02-19,North,Electronics,15,456.88,3139.98,4.3,0
2025-10-20,South,Electronics,30,484.98,6058.23,4.5,0
2025-10-13,South,Home & Garden,51,284.01,3678.99,4.0,0
2024-05-13,North,Sporting Goods,57,476.23,3677.42,3.8,0
2025-09-01,East,Home & Garden,33,583.56,2092.79,3.9,0
2024-07-01,South,Home & Garden,40,545.44,2957.63,3.9,1
2025-02-10,North,Electronics,12,795.55,2918.58,4.4,0
2025-02-03,East,Home & Garden,29,271.96,1958.94,4.1,0
2025-03-03,South,Apparel,59,196.52,2589.66,3.9,0
2025-06-23,West,Electronics,28,1020.33,6634.82,3.9,0
2025-08-04,North,Apparel,87,1074.54,4016.93,4.1,0
2025-06-02,East,Electronics,18,387.16,3909.3,4.3,0
2025-03-31,North,Apparel,65,985.49,2902.78,5.0,0
2025-06-02,West,Home & Garden,61,701.29,4078.69,4.3,0
2024-07-15,East,Sporting Goods,41,262.17,2687.18,4.5,0
2024-09-09,West,Apparel,112,906.18,4716.42,4.6,0
2025-09-22,East,Sporting Goods,41,176.83,2286.6,3.6,0
2024-11-25,East,Home & Garden,66,901.03,3968.34,4.6,0
2024-12-16,West,Sporting Goods,82,825.27,5298.05,3.6,0
2025-03-17,East,Electronics,27,853.15,5721.96,4.2,1
2025-04-14,West,Electronics,30,873.21,7220.11,3.6,0
2024-07-15,North,Apparel,72,594.19,3272.84,3.5,0
2025-07-28,North,Apparel,70,535.86,3384.94,4.4,0
2024-10-21,South,Sporting Goods,47,223.17,2881.47,3.9,0
2024-10-28,South,Electronics,27,925.45,6029.41,4.2,0
2025-05-05,North,Home & Garden,54,633.55,3845.95,4.2,0
2024-02-05,North,Electronics,15,707.53,3496.53,4.1,0
2025-05-19,East,Electronics,21,1082.13,4694.55,4.7,0
2025-09-29,East,Sporting Goods,46,932.74,2751.91,2.8,0
2025-05-05,East,Sporting Goods,37,261.37,1991.38,4.0,0
2025-09-15,South,Sporting Goods,49,766.58,2691.65,3.3,0
2025-07-14,North,Sporting Goods,64,382.71,3653.88,3.6,0
2025-07-28,West,Home & Garden,40,264.67,2769.93,4.5,0
2024-04-01,South,Sporting Goods,30,647.47,1609.31,3.9,0
2025-07-28,South,Home & Garden,42,789.59,2923.23,4.2,0
2024-01-08,west,Home & Garden,24,303.23,1494.41,4.3,0
2024-04-15,North,Home & Garden,49,601.8,3133.28,5.0,0
2025-06-23,West,Home & Garden,40,640.87,2858.24,4.7,0
2025-05-05,South,Sporting Goods,60,732.17,3332.97,4.2,0
2024-10-07,North,Apparel,73,811.71,3473.41,3.5,0
2024-10-28,East,Electronics,33,1133.22,7132.1,4.5,0
2024-04-01,North,Apparel,72,800.63,3373.67,3.7,0
2024-12-02,South,Home & Garden,64,652.64,3780.66,4.3,0
2024-12-02,North,Home & Garden,82,1017.22,6022.8,4.3,0
2024-11-25,North,Electronics,34,721.68,7475.67,4.7,0
2025-09-29,South,Apparel,81,915.13,3996.36,3.9,0
2024-07-08,North,Sporting Goods,56,614.75,3009.06,4.0,0
2025-09-29,West,Home & Garden,51,346.78,3346.11,3.4,0
2025-10-06,East,Home & Garden,31,428.14,1992.75,4.3,0
2025-11-17,North,Electronics,51,1264.19,10760.08,4.2,0
2025-06-16,West,Apparel,150,992.43,7489.68,3.9,1
2025-10-27,East,Electronics,27,559.04,6482.07,4.2,0
2025-02-24,West,Home & Garden,78,521.12,5922.26,4.0,1
2024-10-28,North,Electronics,34,1152.63,8540.96,4.5,0
2024-08-26,South,Sporting Goods,62,284.38,3703.24,3.5,1
2024-08-26,North,Electronics,22,375.05,4889.84,4.3,0
2025-05-26,South,Electronics,17,576.3,3732.28,4.2,0
2024-12-30,North,Electronics,21,414.85,4218.46,4.9,0
2025-09-01,South,Apparel,89,676.88,3950.93,3.9,0
2025-03-31,East,Sporting Goods,46,89.39,2458.5,4.4,0
2025-03-10,East,Home & Garden,47,632.35,3409.62,4.1,0
2024-11-04,East,Home & Garden,51,1017.97,3770.18,4.0,0
2024-06-24,North,Sporting Goods,52,522.88,3531.53,4.1,0
2025-12-22,South,Electronics,36,1050.13,7485.15,4.0,0
2024-06-03,East,Home & Garden,27,460.49,1935.01,4.3,0
2024-04-22,West,Sporting Goods,51,346.98,2902.17,4.4,0
2024-07-22,North,Home & Garden,26,40.0,1618.39,4.8,0
2025-02-17,West,Electronics,21,620.23,4897.68,3.9,0
2025-11-17,South,Apparel,182,1345.55,9212.36,4.2,0
2025-06-23,South,Electronics,29,744.95,5725.77,3.8,0
2025-07-07,east,Apparel,68,571.6,3040.32,3.7,0
2024-04-29,South,Apparel,60,785.35,2268.89,3.9,0
2025-10-13,East,Electronics,30,980.08,6977.33,3.4,0
2025-11-24,North,Sporting Goods,85,928.11,5660.89,3.2,0
2025-06-30,West,Home & Garden,41,829.06,2872.16,4.3,0
2024-07-08,East,Apparel,56,707.05,2426.0,4.0,0
2024-11-11,North,Home & Garden,63,799.5,3827.83,4.8,0
2025-12-08,East,Apparel,137,1026.67,7713.14,4.0,0
2024-12-09,North,Home & Garden,49,827.62,3323.82,4.1,0
2025-08-04,East,Apparel,97,763.61,4103.02,4.0,0
2024-07-08,East,Home & Garden,35,842.29,2347.87,4.5,0
2024-05-06,East,Sporting Goods,40,248.76,2307.73,3.8,0
2025-12-22,South,Home & Garden,61,680.77,4237.15,4.4,0
2024-06-10,South,Sporting Goods,54,765.1,3032.56,3.7,0
2025-05-12,West,Home & Garden,84,990.3,5201.79,4.7,1
2025-06-30,East,Electronics,23,602.15,4769.98,3.8,0
2024-01-08,North,Electronics,14,857.75,2954.83,3.8,0
2025-01-27,East,Home & Garden,24,348.7,1792.93,4.0,0
2025-05-12,North,Apparel,75,561.1,3362.03,4.1,0
2025-05-26,East,Apparel,73,689.72,3266.3,4.2,0
2024-07-22,East,Electronics,16,630.41,3163.42,4.3,0
2025-11-24,West,Sporting Goods,82,763.94,5099.81,3.0,0
2024-09-02,North,Sporting Goods,54,40.0,3068.64,3.9,1
2025-01-13,South,Sporting Goods,24,484.74,1409.92,3.8,0
2025-10-27,North,Electronics,37,1292.49,8943.14,3.3,0
2024-11-18,West,Home & Garden,76,1037.02,5499.42,4.1,0
2024-06-17,South,Electronics,21,1088.03,4290.76,4.0,0
2024-01-08,South,Home & Garden,19,81.01,1178.52,4.3,0
2025-01-27,North,Home & Garden,29,761.7,2163.18,4.6,0
2025-03-24,North,Apparel,85,436.18,4390.62,4.0,1
2024-02-19,West,Electronics,25,1119.58,5743.11,4.2,1
2025-03-31,South,Electronics,24,359.96,4926.29,4.0,0
2024-12-02,South,Apparel,141,760.18,6241.7,3.5,1
2025-01-20,North,Electronics,18,1108.22,4136.46,4.0,0
2024-01-22,North,Home & Garden,31,842.98,2435.98,4.0,1
2025-05-26,South,Apparel,65,729.25,2882.16,4.2,0
2025-06-16,South,Apparel,66,789.59,2700.3,3.6,0
2024-10-28,West,Sporting Goods,86,272.36,4943.76,4.0,0
2024-07-29,North,Home & Garden,33,616.44,2156.69,4.2,0
2025-11-24,South,Home & Garden,76,1018.4,5177.51,4.5,0
2024-01-29,north,Home & Garden,30,561.93,2076.07,3.9,0
2025-09-15,West,Electronics,32,1381.45,7526.0,4.8,0
2024-11-11,West,Apparel,146,1042.93,7145.85,4.2,0
2025-10-06,West,Sporting Goods,54,941.91,3612.75,3.3,0
2024-12-16,North,Apparel,100,813.06,4280.61,3.9,0
2025-07-14,west,Apparel,106,1185.89,5167.61,4.0,0
2025-01-27,East,Sporting Goods,29,40.0,1793.06,3.7,0
2024-01-08,West,Sporting Goods,32,600.31,1954.0,4.0,0
2024-07-01,North,Apparel,63,310.82,2959.91,3.6,0
2025-01-20,North,Apparel,43,606.12,1977.52,3.4,0
2024-09-30,East,Electronics,25,1007.4,5656.09,3.9,0
2025-07-21,East,Apparel,85,904.32,4791.28,4.3,0
2025-10-20,East,Sporting Goods,54,295.34,2882.0,,0
2024-01-29,North,Electronics,15,453.18,3498.24,4.5,0
2025-08-11,North,Home & Garden,40,739.58,2675.04,4.6,0
2024-01-29,West,Apparel,42,426.98,1992.3,4.1,0
2024-07-29,East,Sporting Goods,52,190.41,2963.07,4.3,0
2025-06-02,North,Home & Garden,59,849.51,3925.86,4.6,1
2025-07-07,West,Electronics,28,1008.39,6690.91,4.6,0
2024-08-19,South,Electronics,19,695.04,4122.83,3.9,0
2024-01-29,North,Apparel,46,151.9,1899.63,3.6,0
2025-09-08,East,Electronics,26,841.14,6561.26,4.5,0
2024-05-06,East,Electronics,18,277.41,3992.51,4.1,0
2024-09-09,West,Sporting Goods,56,431.94,3726.25,,0
2024-11-25,West,Sporting Goods,93,860.64,6279.75,3.9,0
2024-11-11,South,Electronics,38,660.72,9397.13,4.2,1
2024-09-30,North,Home & Garden,48,806.22,3213.26,4.4,1
2025-07-28,South,Electronics,24,833.73,5368.63,4.0,0
2025-12-08,North,Sporting Goods,81,889.09,4982.84,3.5,0
2025-08-11,South,Home & Garden,29,634.46,2115.22,4.9,0
2024-04-15,East,Sporting Goods,43,428.42,2642.95,4.3,0
2025-10-20,West,Apparel,129,620.6,6270.63,4.1,0
2025-11-17,West,Sporting Goods,102,1250.54,6403.96,3.9,0
2025-03-03,South,Home & Garden,43,157.38,3334.92,4.2,0
2025-10-06,South,Apparel,70,40.0,3197.04,3.6,0
2024-11-04,North,Home & Garden,64,924.88,4469.91,4.5,0
2024-07-29,South,Sporting Goods,57,862.88,3354.52,3.7,0
2024-04-29,North,Apparel,62,776.46,2614.39,4.3,0
2025-06-30,West,Apparel,100,1065.32,5268.36,3.6,0
2025-12-08,East,Sporting Goods,87,621.44,4803.12,3.8,0
2025-02-24,North,Sporting Goods,33,434.45,1745.6,3.7,0
2025-01-13,West,Apparel,61,838.72,2776.36,4.0,0
2025-05-26,East,Sporting Goods,56,1093.53,3811.4,3.6,0
2025-11-03,East,Electronics,38,785.5,8067.21,4.3,0
2024-06-24,East,Sporting Goods,56,789.93,3373.59,,0
2024-10-14,East,Sporting Goods,50,844.74,3189.94,4.2,0
2024-03-04,South,Apparel,54,462.3,2048.67,4.0,0
2024-10-07,South,Electronics,24,751.7,5147.93,,0
2025-08-11,North,Electronics,21,1030.0,4425.93,4.1,0
2024-04-01,East,Home & Garden,37,370.31,2483.78,4.2,0
2024-04-08,West,Sporting Goods,59,564.54,3661.07,4.5,0
2024-12-09,East,Electronics,40,1011.38,9466.57,3.5,0
2024-03-18,West,Sporting Goods,49,195.73,2800.25,4.0,0
2024-05-20,West,Apparel,95,40.0,4014.96,4.6,0
2025-08-25,West,Electronics,27,1003.1,6931.61,3.6,0
2025-02-24,North,Home & Garden,36,479.77,2355.48,5.0,0
2025-04-28,South,Apparel,74,854.0,3270.4,4.3,0
2025-12-08,South,Sporting Goods,80,1085.62,4897.56,2.9,0
2025-08-25,East,Electronics,18,869.68,4123.42,3.9,0
2025-08-11,East,Sporting Goods,51,738.24,3128.94,,0
2024-09-09,South,Home & Garden,36,867.17,2392.16,4.3,0
2025-11-24,South,Electronics,53,1579.52,10979.93,3.8,0
2025-11-10,North,Apparel,119,773.02,5555.97,3.7,0
2024-12-30,South,Sporting Goods,44,634.52,2251.43,4.3,1
2024-09-30,North,Sporting Goods,51,257.03,3200.56,4.0,0
2024-05-20,North,Sporting Goods,57,323.21,3368.22,4.2,0
2025-08-25,North,Apparel,117,876.63,5387.39,3.5,0
2024-12-02,East,Home & Garden,51,742.16,3396.29,4.4,0
2025-04-14,South,Electronics,33,879.67,6534.58,4.0,1
2025-02-10,East,Sporting Goods,30,262.84,1818.79,3.8,0
2024-07-08,South,Apparel,78,1235.68,3936.87,3.3,1
2024-02-19,South,Sporting Goods,22,565.08,1204.05,4.1,0
2025-05-26,West,Electronics,32,632.25,6596.8,4.6,0
2025-07-21,East,Home & Garden,39,410.88,2670.81,4.1,0
2025-03-24,North,Home & Garden,69,816.28,4929.95,,1
2025-05-19,South,Home & Garden,64,516.8,4804.13,4.3,1
2024-01-29,West,Electronics,15,425.0,3178.06,3.8,0
2025-03-31,West,Apparel,93,519.92,4229.89,4.3,0
2025-01-27,South,Electronics,14,434.32,3153.04,4.3,0
2024-06-10,north,Sporting Goods,55,661.96,3278.21,4.4,0
2024-06-24,North,Apparel,66,649.8,2945.88,4.1,0
2025-12-15,West,Apparel,162,1162.22,8178.78,3.8,0
2025-02-10,West,Apparel,78,459.85,3395.79,3.8,0
2024-09-09,North,Apparel,88,836.01,4236.12,,0
2024-12-23,North,Sporting Goods,61,747.04,4062.16,3.9,0
2025-08-25,North,Electronics,20,725.87,4310.64,3.8,0
2025-12-01,East,Sporting Goods,127,1511.56,7377.76,3.2,1
2025-09-22,South,Apparel,85,1207.84,3558.94,4.3,0
2025-05-19,South,Sporting Goods,67,415.08,4124.12,4.0,0
2025-01-20,South,Home & Garden,28,252.46,2033.94,4.0,0
2025-02-24,East,Electronics,13,759.27,3101.31,4.4,0
2024-12-09,North,Apparel,100,643.92,5502.63,3.8,0
2025-07-14,East,Electronics,18,666.01,4193.19,4.9,0
2025-08-11,North,Sporting Goods,66,1091.91,3922.73,3.2,0
2024-05-06,West,Apparel,68,910.29,3200.13,4.1,0
2024-10-28,North,Apparel,121,570.48,5386.6,3.6,0
2024-12-16,West,Electronics,38,1073.61,8215.3,4.0,0
2025-04-07,South,Apparel,55,499.8,2371.82,4.3,0
2024-04-08,west,Electronics,19,582.2,4056.6,4.3,0
2025-04-28,East,Sporting Goods,51,610.67,3137.92,3.5,0
2025-05-12,North,Sporting Goods,54,808.55,3308.15,3.5,0
2024-08-05,North,Sporting Goods,54,40.0,3230.1,4.3,0
2025-08-25,West,Apparel,108,1453.68,4663.64,3.5,0
2025-04-14,South,Sporting Goods,52,460.62,3155.43,3.5,0
2024-12-09,East,Home & Garden,58,534.66,3486.86,4.6,0
2025-07-14,North,Apparel,78,591.13,3499.37,3.6,0
2025-03-03,West,Home & Garden,65,722.51,4915.51,4.8,0
2025-05-12,West,Sporting Goods,51,448.87,3317.02,3.7,0
2025-02-10,South,Home & Garden,33,558.36,2244.3,4.2,0
2024-06-17,North,Sporting Goods,48,586.41,2675.73,4.6,0
2024-06-17,South,Home & Garden,25,428.28,1592.32,4.0,0
2024-11-18,South,Sporting Goods,65,489.93,3579.48,4.1,0
2024-06-03,North,Electronics,23,984.11,6239.93,3.8,0
2024-04-08,East,Sporting Goods,44,631.28,2371.38,3.9,1
2025-09-15,north,Sporting Goods,53,834.51,3347.85,3.7,0
2024-07-29,North,Electronics,20,1037.94,4034.94,4.1,0
2024-09-02,South,Sporting Goods,53,731.47,3213.03,4.4,0
2025-05-12,South,Electronics,29,632.41,5989.5,4.3,1
2025-09-08,North,Home & Garden,46,489.59,3267.14,4.3,0
2025-11-10,North,Home & Garden,68,814.44,4914.15,4.1,0
2025-07-21,west,Apparel,114,867.26,5665.44,4.2,0
2024-02-19,East,Electronics,15,653.18,3100.13,4.0,0
2025-09-22,North,Apparel,95,331.4,4409.97,4.0,0
2025-03-24,North,Electronics,30,1008.36,7919.71,3.9,1
2025-04-14,West,Home & Garden,78,984.17,5036.5,3.9,0
2025-02-03,West,Home & Garden,32,510.01,2222.09,4.1,0
2024-08-12,North,Sporting Goods,55,602.19,3816.15,4.6,0
2024-04-01,West,Sporting Goods,57,269.16,3140.31,4.2,0
2025-06-23,South,Apparel,77,551.55,3369.32,3.8,0
2024-09-23,South,Apparel,71,897.35,2909.63,3.8,0
2024-12-30,East,Sporting Goods,24,420.29,1317.75,3.6,0
2024-01-22,South,Electronics,10,793.22,2200.94,4.0,0
2025-11-03,North,Apparel,124,574.16,5772.91,,0
2024-07-29,south,Apparel,48,490.03,1925.99,4.5,0
2025-11-24,East,Electronics,34,779.58,7134.96,3.5,0
2024-12-23,North,Home & Garden,48,392.64,2716.56,4.1,0
2024-03-04,East,Sporting Goods,38,528.05,2496.22,4.3,0
2024-09-16,East,Electronics,21,919.75,4978.23,5.0,0
2025-08-04,West,Home & Garden,38,40.0,2588.49,4.8,0
2024-04-15,east,Electronics,16,735.0,3645.34,4.4,0
2024-11-25,East,Apparel,134,882.41,6173.4,3.5,0
2025-10-27,South,Electronics,32,1106.51,7408.21,,0
2025-05-05,East,Home & Garden,72,1161.61,3787.42,4.5,1
2024-08-19,West,Home & Garden,43,654.35,3055.14,3.3,0
2024-12-09,East,Apparel,105,704.09,5204.51,4.0,0
2025-05-12,South,Apparel,65,1088.92,3129.24,3.7,0
2025-04-28,North,Home & Garden,49,537.96,3096.24,4.4,0
2024-09-30,South,Electronics,19,446.4,4428.01,4.0,0
2024-03-04,South,Home & Garden,41,660.99,2878.43,4.0,0
2024-05-06,North,Sporting Goods,49,698.85,2995.92,4.1,0
2024-06-10,West,Apparel,71,40.0,3487.92,4.0,0
2024-10-21,West,Home & Garden,58,808.61,4286.56,4.7,0
2025-01-27,North,Apparel,50,412.4,2206.16,4.8,0
2025-01-06,South,Home & Garden,33,293.84,2325.35,3.7,1
2025-04-07,West,Sporting Goods,61,580.03,3801.05,4.3,0
2025-12-22,West,Sporting Goods,91,744.33,5280.34,3.3,0
2025-07-07,West,Home & Garden,63,1053.67,4498.91,4.0,1
2025-12-01,West,Sporting Goods,103,830.7,6501.61,2.6,0
2025-01-20,East,Sporting Goods,28,524.82,1725.19,3.3,0
2025-07-14,East,Sporting Goods,51,764.39,3052.56,4.1,0
2024-09-23,South,Sporting Goods,41,338.57,2424.92,4.1,0
2024-03-04,East,Home & Garden,37,761.3,2324.62,4.9,0
2025-06-02,East,Apparel,50,423.64,2165.99,3.0,0
2025-09-15,South,Home & Garden,42,728.03,2754.97,4.3,0
2025-12-22,West,Apparel,145,1068.19,7777.67,4.2,0
2024-05-20,North,Home & Garden,52,1105.08,3776.2,4.2,0
2025-07-14,West,Home & Garden,58,656.34,4387.1,4.1,0
2024-02-05,North,Home & Garden,23,298.9,1364.27,4.6,0
2024-08-12,North,Electronics,23,1023.13,4338.64,4.5,0
2025-07-07,west,Apparel,108,786.17,5226.29,4.0,0
2025-02-10,North,Apparel,74,935.99,3510.86,4.6,1
2025-08-18,East,Electronics,19,901.87,4242.96,4.0,0
2024-01-01,East,Home & Garden,24,592.34,1527.72,4.1,0
2024-12-23,West,Sporting Goods,106,869.43,7621.97,4.0,1
2024-01-15,North,Electronics,17,809.38,3934.09,4.5,1
2025-07-07,South,Apparel,65,481.37,2905.86,3.8,0
2024-06-24,West,Apparel,68,536.26,3131.95,4.1,0
2024-09-09,South,Electronics,18,1151.98,3676.56,3.8,0
2025-07-21,North,Electronics,30,739.5,6748.37,4.1,1
2025-11-24,North,Apparel,144,643.49,6177.74,3.8,0
2024-09-23,South,Home & Garden,30,493.89,2212.98,4.4,0
2025-03-31,South,Apparel,69,623.23,2860.58,3.6,0
2025-03-17,south,Home & Garden,59,491.31,4044.87,4.3,0
2024-02-05,East,Apparel,44,800.55,1773.62,4.4,0
2025-05-05,South,Sporting Goods,60,732.17,3332.97,4.2,0
2024-09-16,East,Apparel,64,1031.68,3084.18,4.3,0
2024-02-26,South,Apparel,45,445.19,1893.91,4.0,0
2024-08-26,East,Sporting Goods,46,723.76,2993.67,4.0,0
2025-03-24,South,Sporting Goods,39,576.93,2343.23,3.2,0
2025-11-24,West,Home & Garden,76,695.51,5388.97,4.5,0
2024-05-20,North,Electronics,23,1101.4,5214.78,4.8,0
2025-10-06,South,Electronics,36,1401.14,8433.65,4.7,1
2025-06-09,East,Sporting Goods,60,889.83,4227.71,3.7,0
2025-09-22,East,Home & Garden,38,542.04,2735.75,4.5,0
2024-09-30,East,Home & Garden,28,435.59,1885.72,4.5,0
2024-08-26,East,Electronics,21,786.96,4509.82,4.3,0
2025-03-31,West,Sporting Goods,56,771.76,3968.84,4.2,0
2025-07-21,South,Sporting Goods,70,673.03,3841.77,3.5,0
2024-12-09,West,Electronics,45,1036.01,8934.81,3.8,0
2025-09-01,North,Home & Garden,31,191.8,2154.67,4.3,0
2025-09-15,South,Apparel,94,641.94,3901.75,3.5,0
2024-03-11,West,Home & Garden,44,328.84,2911.45,4.3,0
2024-11-25,West,Home & Garden,79,532.26,5307.52,4.4,0
2024-04-15,South,Apparel,51,680.58,2503.34,4.3,0
2025-04-14,East,Electronics,23,314.9,4960.62,4.1,0
2025-09-22,East,Apparel,65,595.66,2856.02,3.7,0
2024-03-04,North,Apparel,70,836.32,2540.18,3.7,0
2024-02-05,East,Home & Garden,27,449.31,1911.07,4.4,0
2024-10-21,East,Home & Garden,33,450.57,2306.84,4.6,0
2024-05-13,South,Home & Garden,36,483.71,2184.99,4.5,0
2024-02-05,West,Apparel,38,343.19,1570.03,3.9,0
2025-07-28,North,Electronics,28,1222.46,5402.11,4.1,0
2025-02-03,West,Electronics,19,40.0,4550.0,4.9,0
2025-09-08,South,Home & Garden,46,608.87,3221.46,4.2,0
2025-03-24,East,Sporting Goods,49,40.0,2935.94,4.2,0
2024-04-15,North,Sporting Goods,51,1178.36,2951.86,4.0,0
2025-04-28,South,Sporting Goods,47,621.1,2898.45,3.7,0
2024-04-01,South,Home & Garden,49,1034.22,3812.21,4.3,1
2025-06-02,West,Apparel,83,539.31,3805.4,4.0,0
2025-03-10,South,Home & Garden,49,738.77,3136.17,4.2,0
2025-01-06,South,Apparel,45,484.81,2108.31,3.8,0
2024-07-01,East,Apparel,66,481.29,3060.54,3.7,0
2025-09-29,West,Apparel,110,942.13,4848.96,4.0,0
2025-05-12,South,Home & Garden,39,440.51,3180.99,4.5,0
2025-05-12,South,Sporting Goods,68,695.4,3943.55,4.2,0
2024-04-08,North,Home & Garden,69,553.07,5226.72,4.2,1
2025-10-06,West,Apparel,103,295.16,4343.08,4.0,0
2024-01-01,North,Electronics,14,809.74,3375.91,3.5,0
2024-06-24,North,Apparel,66,649.8,2945.88,4.1,0
2025-04-21,West,Sporting Goods,60,451.36,3136.65,3.5,0
2024-02-05,South,Electronics,11,628.44,2598.07,3.9,0
2024-03-11,North,Home & Garden,46,925.26,2961.87,4.4,0
2024-02-19,North,Home & Garden,39,281.79,2516.23,4.3,0
2024-10-14,West,Home & Garden,45,703.33,2833.14,4.6,0
2025-05-26,South,Home & Garden,49,611.6,3906.94,4.5,0
2025-07-07,West,Sporting Goods,85,857.27,5488.25,3.6,0
2025-01-20,East,Apparel,43,356.86,1788.69,3.9,0
2024-09-30,North,Apparel,91,297.1,4340.45,3.8,0
2025-12-08,West,Sporting Goods,107,730.03,6501.49,3.1,0
2025-02-17,East,Electronics,17,873.49,3787.96,4.5,0
2024-12-16,South,Sporting Goods,65,748.91,4023.59,3.4,0
2024-04-22,North,Home & Garden,72,713.68,4699.19,5.0,1
2024-09-30,North,Electronics,20,614.48,4280.69,4.6,0
2024-12-23,East,Home & Garden,43,740.72,3115.71,4.6,0
2024-04-08,East,Home & Garden,40,672.92,3483.92,4.2,0
2024-02-26,South,Sporting Goods,30,556.47,1598.61,4.6,0
2024-09-23,East,Electronics,24,1335.1,5317.48,4.3,0
2025-12-15,North,Electronics,33,759.69,8325.48,4.5,0
2024-12-30,South,Electronics,16,728.09,3329.62,3.8,0
2024-12-30,East,Home & Garden,38,440.82,2720.22,4.0,1
2025-02-17,West,Sporting Goods,46,716.31,2345.35,4.0,0
2024-09-16,North,Electronics,22,733.14,3690.83,3.8,0
2024-05-27,South,Sporting Goods,43,257.58,2374.36,4.1,0
2025-08-25,South,Sporting Goods,47,823.24,2982.77,3.1,0
2024-05-06,South,Apparel,59,549.38,2427.73,4.2,0
2024-06-03,West,Electronics,23,751.87,5520.64,4.4,0
2024-03-18,North,Home & Garden,57,317.07,3317.96,3.7,0
2024-10-14,North,Sporting Goods,61,1050.91,3737.88,3.5,0
2025-03-10,South,Electronics,26,508.22,5010.68,4.4,0
2024-01-01,West,Home & Garden,26,355.34,1788.12,4.3,0
2025-04-28,South,Home & Garden,44,417.19,3191.11,4.2,0
2024-03-11,South,Apparel,57,982.29,2109.14,3.3,0
2025-11-10,West,Sporting Goods,110,922.42,6859.48,2.9,0
2024-01-22,east,Sporting Goods,22,289.2,1309.64,3.8,0
2024-11-04,South,Apparel,98,1120.69,4797.4,4.2,0
2024-10-21,South,Electronics,27,847.74,5885.53,3.7,0
2024-12-02,West,Electronics,44,1073.71,9135.76,4.1,0
2024-07-01,East,Electronics,19,605.34,4141.35,4.2,0
2024-05-06,South,Electronics,17,298.7,4192.73,4.8,0
2025-04-07,East,Apparel,56,411.75,2561.38,4.4,0
2025-10-13,South,Sporting Goods,63,225.95,3546.08,3.8,0
2024-05-20,East,Apparel,46,391.74,1814.69,4.2,0
2024-07-01,West,Apparel,92,728.58,4038.22,4.9,0
2025-03-17,South,Electronics,18,693.4,3911.42,3.6,0
2024-01-29,West,Sporting Goods,30,366.08,1894.11,4.5,0
2025-03-31,West,Electronics,27,904.83,5792.29,3.9,0
2025-02-10,East,Apparel,62,567.05,2749.51,4.9,1
2024-12-30,North,Home & Garden,28,476.02,1946.44,4.8,0
2024-11-18,West,Apparel,162,1405.17,8139.85,4.0,0
2025-01-20,East,Home & Garden,23,1004.12,1523.6,4.4,0
2024-04-15,West,Home & Garden,58,992.83,4044.82,4.5,0
2025-09-22,South,Sporting Goods,80,803.39,4776.25,3.5,1
2025-12-08,West,Home & Garden,84,973.08,5636.59,3.8,0
2025-04-28,South,Electronics,21,447.09,5033.96,4.5,0
2024-02-26,East,Electronics,21,855.88,4826.79,4.1,0
2025-05-05,west,Sporting Goods,70,820.44,4081.48,3.9,0
2025-06-16,North,Home & Garden,44,345.64,3316.38,3.9,0
2025-01-06,South,Electronics,13,465.31,2566.36,3.9,0
2025-06-09,North,Home & Garden,46,386.66,3101.76,4.4,0
2024-11-11,North,Sporting Goods,134,978.22,8135.96,3.9,1
2025-01-06,East,Sporting Goods,26,543.45,1596.49,3.7,0
2025-02-24,East,Apparel,53,708.65,2508.07,3.8,0
2024-08-05,North,Electronics,20,674.76,3870.7,4.3,0
2025-02-17,South,Home & Garden,42,681.27,2709.16,4.4,0
2024-12-16,South,Apparel,116,476.65,5396.15,4.2,0
2024-02-26,North,Apparel,60,347.53,2631.84,4.2,0
2024-05-27,North,Apparel,73,910.41,3016.01,4.4,1
2025-12-22,West,Home & Garden,72,273.04,4699.46,4.5,0
2024-09-23,North,Electronics,21,479.13,4655.0,4.4,0
2025-05-12,West,Electronics,27,787.67,5772.85,4.6,0
2024-03-25,North,Sporting Goods,42,570.94,2642.42,3.9,0
2025-06-30,North,Home & Garden,39,546.29,2872.09,4.1,0
2025-07-14,West,Electronics,29,1173.0,7104.5,4.5,0
2025-12-15,West,Sporting Goods,100,1024.65,5653.07,3.0,0
2025-01-27,West,Apparel,47,512.03,2113.69,3.8,0
2024-09-09,East,Electronics,19,559.35,3792.49,4.9,0
2024-02-12,South,Sporting Goods,24,818.13,1527.89,4.6,0
2025-11-03,South,Sporting Goods,106,828.65,5508.95,2.9,1
2025-11-10,South,Home & Garden,72,425.64,5241.81,4.1,0
2024-11-04,West,Sporting Goods,102,651.2,6121.27,4.0,0
2025-01-20,South,Electronics,14,855.42,2884.55,4.7,0
2024-12-02,East,Electronics,39,1355.96,8314.42,4.8,1
2025-01-06,North,Apparel,84,838.0,3852.05,4.4,1
2025-01-20,West,Home & Garden,28,389.45,1779.67,4.4,0
2024-04-08,North,Sporting Goods,40,438.7,2270.97,4.7,0
2025-11-17,North,Apparel,201,1258.48,8118.04,4.3,1
2025-07-28,west,Apparel,115,795.9,5292.11,4.1,0
2025-07-21,North,Sporting Goods,69,372.95,4232.75,,0
2024-02-19,West,Home & Garden,35,721.08,2362.67,5.0,0
2024-06-24,South,Apparel,57,686.95,2482.89,4.0,0
2024-12-02,South,Sporting Goods,77,907.61,4525.34,3.5,0
2024-12-23,South,Apparel,101,913.16,5081.06,3.7,0
2024-11-04,South,Sporting Goods,65,910.53,3963.9,3.8,0
2025-11-17,South,Home & Garden,68,602.99,4783.04,4.4,0
2025-04-07,South,Electronics,17,557.27,3656.74,4.0,0
2025-05-19,East,Sporting Goods,60,520.06,3509.35,4.0,0
2024-05-06,West,Sporting Goods,58,511.07,3767.5,3.5,0
2024-04-22,East,Sporting Goods,31,540.84,1852.61,4.3,0
2024-08-26,North,Apparel,73,820.39,3570.34,3.4,0
2024-04-01,South,Electronics,17,919.01,3843.99,4.4,0
2025-01-27,North,Electronics,16,283.96,3739.43,4.0,0
2025-06-16,South,Home & Garden,34,490.25,2578.05,4.9,0
2025-02-03,South,Electronics,16,707.83,3455.6,4.1,0
2024-10-21,North,Sporting Goods,51,287.18,2893.25,4.0,0
2025-07-14,East,Apparel,72,468.97,2807.62,4.1,0
2024-12-16,West,Home & Garden,76,772.67,5701.51,4.5,0
2025-07-07,North,Apparel,95,600.48,4062.77,3.6,0
2024-05-27,South,Home & Garden,42,457.49,2918.14,4.7,0
2024-08-26,south,Apparel,84,1015.45,3759.4,3.7,0
2025-06-09,West,Home & Garden,52,922.37,3677.93,4.6,0
2025-02-24,South,Home & Garden,35,846.16,2594.51,4.1,0
2025-06-16,West,Home & Garden,56,615.86,4193.23,4.8,1
2024-05-06,South,Sporting Goods,41,953.11,2596.29,3.4,0
2024-10-28,South,Sporting Goods,47,400.21,2416.25,4.1,0
2024-01-29,East,Apparel,42,893.57,1729.95,4.1,0
2024-09-16,West,Apparel,88,575.23,4078.33,4.1,0
2024-02-12,East,Electronics,15,743.25,3361.04,3.9,0
2024-10-07,South,Apparel,65,454.56,3159.74,3.5,0
2025-12-15,North,Sporting Goods,83,1278.97,5393.68,3.7,0
2025-03-31,North,Electronics,23,1425.77,6063.08,3.6,0
2024-07-08,South,Sporting Goods,53,535.83,3111.35,3.8,0
2025-03-17,East,Sporting Goods,38,537.45,2535.6,3.6,0
2024-02-05,East,Sporting Goods,30,696.43,1823.6,4.7,0
2025-04-28,East,Electronics,18,1234.1,3281.33,4.4,0
2025-09-29,East,Apparel,72,729.96,3239.47,3.9,0
2025-01-27,West,Electronics,16,350.46,3546.45,4.2,0
2024-02-12,South,Home & Garden,23,489.44,1493.14,4.2,0
2024-04-08,West,Home & Garden,66,767.89,4646.64,4.5,1
2025-09-15,North,Home & Garden,34,163.34,2599.3,4.2,0
2025-02-10,West,Home & Garden,52,324.88,3099.8,4.2,1
2025-07-07,South,Home & Garden,70,681.64,4742.98,4.7,1
2025-02-10,East,Home & Garden,36,640.61,2911.49,4.0,0
2025-05-26,West,Apparel,99,1172.99,4360.94,4.0,0
2024-01-01,South,Apparel,39,591.09,1831.32,4.2,0
2025-10-20,West,Electronics,38,1205.8,8921.93,4.3,0
2025-02-24,South,Apparel,60,1338.23,2770.88,4.3,0
2024-01-08,North,Home & Garden,25,601.05,1704.77,3.7,0
2024-02-19,East,Apparel,57,731.0,2563.98,4.3,1
2024-10-14,South,Apparel,83,1091.12,3761.1,4.2,0
2025-09-08,South,Apparel,98,980.58,4507.84,3.5,0
2024-04-29,North,Home & Garden,53,650.19,3780.03,4.7,0
2024-07-08,North,Apparel,66,907.03,2728.73,4.5,0
2024-12-16,East,Sporting Goods,60,338.81,3583.79,3.9,0
2025-07-21,South,Electronics,21,840.81,4026.71,4.0,0
2025-08-04,South,Sporting Goods,65,736.4,3616.27,3.1,0
2025-11-10,South,Sporting Goods,88,917.92,4853.9,3.5,0
2025-11-17,South,Sporting Goods,92,836.4,4805.87,3.1,0
2024-03-18,South,Apparel,50,686.44,2446.25,3.8,0
2024-03-18,East,Electronics,20,797.88,4885.94,3.5,0
2024-06-24,South,Home & Garden,26,231.88,1579.27,4.4,0
2025-01-13,North,Apparel,47,598.56,2411.33,4.1,0
2024-08-12,East,Electronics,15,908.37,3399.27,4.3,0
2025-03-10,East,Sporting Goods,32,238.96,1848.94,3.5,0
2024-06-10,West,Electronics,30,1076.86,6253.65,,1
2025-09-01,North,Apparel,84,836.96,3634.0,4.0,0
2024-07-01,East,Sporting Goods,58,567.41,3987.59,4.0,0
2024-01-29,West,Home & Garden,20,638.39,1364.07,4.5,0
2025-03-17,North,Apparel,64,212.07,2964.46,3.6,0
2025-12-15,East,Sporting Goods,72,1011.64,4071.11,3.5,0
2024-09-16,West,Sporting Goods,65,859.38,3869.84,4.3,1
2025-10-13,North,Apparel,91,808.94,3834.23,3.5,0
2025-12-22,East,Sporting Goods,51,369.27,3090.15,3.4,0
2025-10-27,North,Home & Garden,60,661.93,4477.04,4.7,0
2025-04-07,North,Apparel,76,709.19,3681.1,4.2,0
2025-04-21,North,Sporting Goods,43,637.7,2449.83,4.0,0
2025-04-21,West,Apparel,92,875.87,4033.71,4.5,0
2025-05-05,East,Apparel,111,473.39,5242.86,3.4,1
2025-06-23,North,Sporting Goods,62,538.47,3318.12,3.5,0
2025-10-06,North,Apparel,88,1144.02,4309.7,4.5,0
2025-02-17,West,Home & Garden,49,206.38,3467.66,3.8,0
2024-08-26,West,Sporting Goods,53,829.8,3393.01,3.8,0
2024-12-30,West,Home & Garden,38,583.75,2623.26,4.8,0
2024-10-28,North,Home & Garden,51,391.51,3526.72,5.0,0
2025-12-01,West,Apparel,184,1173.65,8678.79,4.1,0
2025-11-10,South,Apparel,159,884.14,6341.19,4.0,0
2024-07-08,South,Electronics,19,382.52,4311.76,4.4,0
2024-07-29,East,Home & Garden,34,167.28,2629.13,4.1,0
2025-12-08,South,Sporting Goods,80,1085.62,4897.56,2.9,0
2025-10-27,West,Home & Garden,79,792.26,5494.46,4.2,0
2025-08-25,East,Sporting Goods,42,152.69,2532.95,4.3,0
2024-01-29,South,Apparel,24,105.78,1085.24,3.4,0
2024-12-16,East,Electronics,28,1124.48,5636.38,4.4,0
2025-06-02,North,Electronics,23,703.58,5728.6,,0
2024-01-01,East,Sporting Goods,25,243.91,1528.37,4.7,0
2024-03-04,North,Electronics,16,1064.17,3564.03,3.8,0
2025-02-03,South,Apparel,47,252.39,1809.24,4.2,0
2024-09-30,West,Sporting Goods,58,705.35,3304.59,3.6,0
2024-03-18,North,Electronics,21,633.18,4540.61,4.2,0
2025-03-10,North,Home & Garden,63,389.7,4815.7,4.3,0
2024-07-08,East,Electronics,19,902.76,3751.01,4.2,0
2024-08-12,East,Apparel,79,1069.42,3751.19,4.0,0
2025-12-22,North,Apparel,111,928.93,5133.14,3.6,0
2025-03-10,West,Electronics,30,1169.53,6790.57,4.2,0
2025-06-30,South,Sporting Goods,86,969.57,5668.39,3.4,1
2025-06-23,North,Home & Garden,39,578.15,2551.64,3.6,0
2024-02-26,west,Sporting Goods,61,678.0,3468.06,4.2,1
2024-11-25,North,Apparel,164,1400.02,7646.89,3.9,1
2024-08-12,South,Sporting Goods,48,530.02,3117.49,4.2,0
2025-05-26,East,Electronics,20,856.46,4565.66,4.6,0
2025-07-28,East,Home & Garden,34,813.65,2522.95,4.1,0
2024-12-23,South,Home & Garden,54,779.43,3560.29,4.6,0
2024-07-01,West,Electronics,22,1065.16,4825.95,4.5,0
2024-09-23,South,Electronics,22,1066.09,5494.28,3.9,0
2025-03-24,East,Electronics,19,617.69,4384.52,4.0,0
2024-03-04,West,Electronics,19,499.51,4278.42,3.7,0
2024-08-19,East,Sporting Goods,33,447.56,1738.57,4.0,0
2025-09-29,South,Electronics,28,526.18,6589.9,3.7,0
2025-07-14,east,Home & Garden,42,812.51,2872.18,4.7,0
2024-07-15,West,Apparel,110,258.35,4570.81,3.0,1
2024-09-09,North,Electronics,23,1076.88,4136.16,4.0,0
2025-08-18,North,Home & Garden,48,305.73,3079.79,3.7,0
2024-04-15,West,Sporting Goods,61,758.06,3836.93,4.4,0
2025-03-03,North,Sporting Goods,50,246.01,2781.53,3.3,1
2025-06-02,North,Apparel,74,237.06,3243.54,4.0,0
2025-03-10,West,Home & Garden,67,584.08,4412.35,4.0,1
2024-09-02,north,Electronics,25,1200.79,5876.95,4.1,0
2024-04-01,North,Electronics,24,952.81,5380.87,4.4,0
2025-01-27,West,Home & Garden,37,152.83,2910.44,3.8,0
2025-07-21,West,Sporting Goods,74,752.98,4674.49,4.1,0
2024-01-01,North,Apparel,51,722.23,2256.43,3.7,0
2025-08-18,South,Apparel,74,778.81,3480.5,4.4,0
2024-04-22,West,Apparel,66,834.14,3113.43,3.8,0
2024-04-22,East,Apparel,50,946.09,2184.0,3.5,0
2025-02-03,North,Home & Garden,35,1035.28,2269.23,4.4,0
2024-04-08,South,Home & Garden,45,834.17,3150.17,4.7,0
2025-12-15,West,Home & Garden,76,438.5,4947.38,3.9,0
2025-04-28,West,Sporting Goods,71,836.05,3793.97,3.9,0
2025-12-15,East,Apparel,101,912.1,4295.7,4.0,0
2025-01-13,North,Electronics,20,767.47,4440.0,4.0,1
2025-04-07,East,Home & Garden,62,1106.99,4287.63,4.8,0
2025-01-13,East,Apparel,42,848.26,1561.23,4.1,0
2025-10-13,East,Sporting Goods,58,485.22,3365.04,3.6,0
2024-06-17,West,Home & Garden,42,912.2,2832.48,4.0,0
2025-10-27,South,Apparel,118,437.45,5184.48,3.5,0
2024-01-15,West,Apparel,60,783.8,2802.18,3.9,0
2024-03-11,North,Apparel,55,737.66,2574.94,4.5,0
2025-03-03,West,Sporting Goods,55,909.35,3476.84,3.9,0
2024-11-11,South,Sporting Goods,63,444.7,3841.1,3.9,0
2024-09-30,South,Apparel,90,791.12,3677.22,4.4,1
2024-05-06,North,Electronics,21,211.08,3717.09,3.8,0
2025-04-07,North,Sporting Goods,54,475.16,3292.49,3.9,0
2025-12-08,West,Electronics,42,1393.53,10158.04,3.4,0
2024-09-02,West,Sporting Goods,58,325.64,3030.8,3.7,0
2025-01-06,North,Home & Garden,25,258.8,2011.34,4.5,0
2025-08-04,East,Sporting Goods,51,703.04,2915.84,2.9,0
2025-01-27,West,Sporting Goods,49,515.93,2856.18,3.4,1
2025-06-30,South,Home & Garden,46,1153.41,2991.05,4.9,0
2025-10-20,West,Home & Garden,78,943.59,5454.66,4.4,0
2025-02-10,South,Electronics,10,165.7,2026.14,4.0,0
2025-04-21,West,Electronics,33,1243.32,7204.55,4.5,1
2025-06-09,South,Sporting Goods,51,629.38,3312.89,3.6,0
2024-04-15,South,Sporting Goods,34,648.49,1788.68,4.3,0
2024-07-22,West,Electronics,32,1280.09,6368.47,4.0,1
2024-02-05,South,Apparel,29,188.07,1220.26,4.3,0
2024-07-22,South,Apparel,71,476.44,3392.21,3.3,0
2024-04-08,North,Apparel,92,623.62,3954.36,3.9,1
2024-12-02,South,Home & Garden,64,652.64,3780.66,4.3,0
2024-05-20,East,Sporting Goods,44,512.9,2898.38,4.1,0
2024-04-08,East,Apparel,47,503.4,2044.86,3.5,0
2024-09-09,west,Electronics,29,509.04,6412.62,3.2,0
2024-07-22,East,Sporting Goods,72,543.27,4023.86,4.1,1
2025-07-14,South,Electronics,23,950.16,4948.35,3.8,0
2024-09-16,South,Sporting Goods,38,922.01,2523.25,4.1,0
2024-07-01,South,Apparel,94,575.0,3843.56,3.8,1
2024-03-18,South,Home & Garden,38,363.83,2500.6,3.9,0
2025-03-03,West,Electronics,26,629.07,5209.39,4.3,0
2025-03-10,East,Electronics,18,1048.36,4123.78,4.6,0
2025-08-11,West,Electronics,31,1013.54,6997.6,4.0,0
2025-09-29,South,Home & Garden,50,240.85,3244.65,4.7,0
2024-01-22,North,Apparel,35,846.69,1652.7,5.0,0
2025-11-10,West,Electronics,67,1601.43,15099.99,4.1,0
2025-03-24,South,Apparel,68,522.06,2786.39,4.0,0
2024-08-19,North,Apparel,78,786.7,3594.25,3.7,0
2025-06-30,East,Home & Garden,42,622.02,3206.89,4.3,1
2024-07-29,South,Home & Garden,42,547.71,3499.39,4.1,1
2025-12-08,East,Home & Garden,60,614.29,4021.84,4.3,0
2024-08-05,North,Apparel,78,768.11,3626.36,4.1,0
2024-02-12,East,Home & Garden,28,420.21,2067.47,4.0,0
2024-07-08,East,Sporting Goods,65,577.36,4292.41,4.6,1
2025-10-20,East,Electronics,30,1198.59,7497.09,4.1,0
2024-10-07,South,Home & Garden,46,878.69,3670.8,4.3,0
2025-03-24,West,Electronics,24,1020.32,5260.84,4.0,0
2024-11-11,South,Home & Garden,67,1132.87,4620.08,4.2,0
2024-03-18,West,Home & Garden,57,698.55,3483.58,3.0,0
2024-04-29,East,Home & Garden,46,669.75,3388.73,4.3,0
2024-01-08,West,Apparel,46,327.26,2186.89,4.1,0
2024-03-11,East,Apparel,53,676.32,2579.61,4.0,0
2025-03-10,East,Apparel,64,598.17,2609.55,4.7,0
2025-06-09,South,Electronics,19,855.65,4635.97,4.3,0
2024-02-12,South,Electronics,13,536.46,2862.75,4.5,1
2024-03-25,south,Apparel,41,515.31,1948.53,4.1,0
2024-07-29,West,Sporting Goods,64,699.89,3653.97,4.2,0
2024-10-07,South,Sporting Goods,34,163.47,1992.64,3.7,0
2025-03-03,East,Sporting Goods,46,543.23,2889.65,3.4,1
2024-01-15,West,Electronics,21,557.53,4357.54,4.2,1
2024-11-04,South,Home & Garden,60,740.2,4343.52,4.0,0
2024-06-10,South,Apparel,60,209.3,2770.0,4.4,0
2024-10-21,South,Home & Garden,38,546.1,2658.56,4.4,0
2024-09-02,South,Home & Garden,32,836.98,2473.12,5.0,0
2024-12-30,West,Sporting Goods,43,382.03,2736.8,4.4,0
2024-07-15,West,Electronics,28,872.49,7440.65,3.9,0
2025-09-15,West,Apparel,113,632.07,5191.34,3.6,0
2025-05-19,North,Sporting Goods,63,763.97,4098.84,4.0,0
2024-01-15,South,Sporting Goods,22,584.35,1293.56,4.3,0
2024-07-08,North,Home & Garden,40,979.93,3476.6,3.7,0
2025-02-24,west,Apparel,77,789.52,2987.93,3.6,0
2025-06-23,South,Sporting Goods,76,859.95,4061.03,3.2,0
2025-03-10,West,Sporting Goods,58,645.91,2982.85,4.3,0
2025-10-13,East,Home & Garden,41,641.02,2768.92,4.4,0
2024-07-15,East,Electronics,25,835.8,4300.3,4.9,1
2024-04-22,South,Electronics,19,1022.3,3697.88,3.8,0
2024-01-15,north,Sporting Goods,32,614.39,1921.58,4.5,0
2024-12-23,East,Sporting Goods,51,805.7,3091.39,3.5,0
2024-05-13,South,Apparel,51,493.93,2425.38,4.0,0
2024-04-29,South,Electronics,18,952.52,4113.39,4.3,0
2024-09-30,West,Electronics,24,967.91,5283.37,4.4,0
2024-10-07,West,Home & Garden,43,916.04,2978.29,3.9,0
2024-09-23,West,Home & Garden,54,903.02,3654.51,4.1,0
2024-12-30,west,Electronics,22,1027.99,5799.36,4.1,0
2024-06-17,East,Apparel,59,475.37,2528.2,3.9,0
2024-02-12,East,Sporting Goods,28,283.46,1607.7,4.1,0
2024-05-27,West,Apparel,71,902.21,3535.3,3.5,0
2024-08-12,West,Electronics,19,789.58,4036.26,4.5,0
2024-12-09,North,Electronics,43,885.3,9601.13,3.8,1
2024-01-15,West,Sporting Goods,22,947.14,1225.81,4.2,0
2024-03-25,East,Sporting Goods,42,437.46,2212.92,3.9,0
2024-01-08,South,Apparel,30,558.04,1394.03,3.4,0
2024-06-24,North,Home & Garden,43,271.32,2796.13,4.7,0
2025-04-28,North,Sporting Goods,57,1242.02,3105.69,3.5,0
2025-05-19,North,Home & Garden,54,847.34,3126.77,4.0,0
2025-09-15,West,Sporting Goods,90,996.45,4998.45,4.1,1
2025-03-03,West,Apparel,76,764.21,3601.57,3.5,0
2024-11-18,South,Apparel,154,631.88,5761.71,4.4,1
2025-07-21,west,Home & Garden,55,619.48,4117.86,4.7,0
2025-05-12,East,Sporting Goods,56,361.83,2898.94,4.6,0
2024-01-15,North,Apparel,47,40.0,2135.45,4.0,0
2024-12-09,North,Sporting Goods,81,165.87,4844.84,3.5,0
2025-11-03,South,Electronics,37,1251.4,9611.9,4.3,0
2025-02-03,East,Sporting Goods,33,764.59,1968.58,4.1,0
2025-03-31,North,Sporting Goods,49,692.2,3074.44,3.9,0
2025-03-10,West,Electronics,30,1169.53,6790.57,4.2,0
2025-06-23,East,Sporting Goods,58,516.84,3339.98,3.5,0
2024-09-09,North,Sporting Goods,45,295.56,2655.14,,0
2024-07-29,North,Apparel,85,763.52,3959.63,4.1,0
2025-02-10,North,Sporting Goods,29,944.05,1544.56,,0
2024-06-03,South,Electronics,18,883.78,3740.02,3.8,0
2025-06-30,North,Electronics,23,549.3,4857.1,4.5,0
2024-11-25,South,Sporting Goods,58,539.97,3584.42,4.5,0
2024-02-05,West,Electronics,17,261.49,3805.51,3.9,0
2025-05-26,South,Sporting Goods,68,1134.83,4466.18,3.1,0
2025-09-08,South,Sporting Goods,55,1054.07,3476.01,3.8,0
2025-08-04,west,Apparel,114,958.93,4346.85,3.9,0
2025-10-06,North,Electronics,26,698.58,5796.5,4.2,0
2024-12-16,North,Sporting Goods,61,554.77,3905.42,4.0,0
2024-11-18,East,Apparel,120,1007.57,5386.22,3.7,0
2025-11-03,East,Home & Garden,67,698.89,4753.61,4.1,0
2024-04-29,South,Sporting Goods,36,573.05,2244.05,4.4,0
2025-12-01,South,Sporting Goods,96,1032.83,6562.23,3.2,0
2024-11-25,West,Electronics,34,1134.16,7237.35,4.2,0
2024-09-16,West,Electronics,33,1420.03,6951.56,4.2,0
2025-12-22,East,Electronics,42,1320.12,8706.32,4.7,1
2025-08-18,West,Apparel,174,1376.92,8618.67,3.7,1
2025-09-01,South,Home & Garden,49,656.0,3484.91,4.8,0
2024-06-24,North,Electronics,23,1353.79,5108.66,4.0,0
2024-04-22,North,Apparel,101,453.73,3562.09,4.3,1
2025-02-17,North,Electronics,21,510.41,4758.48,4.6,0
2025-04-21,East,Electronics,22,982.44,4726.63,4.4,0
2025-06-16,North,Sporting Goods,58,1071.76,3403.24,,0
2025-10-20,North,Sporting Goods,59,833.31,3579.16,3.2,0
2025-05-19,East,Apparel,61,659.23,2353.99,3.8,0
2024-07-29,West,Home & Garden,38,618.88,2489.46,4.8,0
2024-12-02,South,Electronics,38,1513.49,7342.67,5.0,0
2024-08-26,South,Home & Garden,35,303.11,2754.8,4.1,0
2025-10-06,West,Home & Garden,61,980.76,4111.22,4.4,0
2024-03-25,East,Apparel,49,823.44,2241.43,4.0,0
2024-05-13,East,Electronics,17,684.99,3770.57,4.5,0
2024-05-06,North,Home & Garden,50,291.69,4262.5,4.2,0
2025-06-09,West,Apparel,111,1198.26,4577.88,3.5,0
2024-11-25,East,Sporting Goods,69,1505.05,3932.25,4.0,0
2025-05-12,North,Electronics,23,557.45,4475.66,4.2,0
2025-02-17,South,Apparel,51,40.0,2184.3,3.9,1
2024-03-18,South,Sporting Goods,34,224.92,2018.4,4.6,0
2025-05-26,East,Electronics,20,856.46,4565.66,4.6,0
2025-08-11,South,Apparel,106,792.25,4860.7,3.5,0
2025-04-07,West,Electronics,31,987.07,7643.67,3.5,0
2025-09-29,West,Electronics,32,1147.37,6668.95,3.9,0
2025-03-24,South,Home & Garden,63,967.14,4887.86,4.4,0
2024-04-15,East,Home & Garden,45,598.65,2750.47,4.2,0
2024-12-23,South,Sporting Goods,57,335.55,3552.67,3.6,0
2025-04-21,East,Sporting Goods,59,683.03,3553.55,3.5,1
2025-11-03,North,Electronics,46,1103.85,8913.22,3.1,0
2025-02-10,West,Electronics,25,840.47,5873.74,3.9,0
2024-06-17,South,Sporting Goods,50,524.59,2713.13,3.9,0
2025-09-29,North,Electronics,24,1220.73,4881.25,3.9,0
2025-04-21,South,Electronics,20,569.69,4250.84,4.3,0
2025-06-02,South,Sporting Goods,89,750.94,5079.7,3.6,1
2025-01-27,East,Electronics,11,470.84,2351.18,4.5,0
2024-11-11,East,Home & Garden,55,1069.16,4165.74,3.8,0
2024-08-26,East,Home & Garden,29,117.74,1745.41,4.9,0
2024-06-03,West,Home & Garden,50,678.87,3992.03,4.0,0
2024-05-27,East,Apparel,63,882.26,2532.03,4.7,0
2025-12-01,East,Electronics,43,1074.76,9053.97,4.1,1
2024-08-19,South,Sporting Goods,54,315.93,3640.75,3.9,1
2025-09-08,West,Home & Garden,55,789.6,4024.92,4.6,0
2025-06-09,East,Apparel,64,586.48,2610.85,4.2,0
2025-08-18,West,Electronics,25,759.66,5614.74,4.3,0
2025-12-15,South,Sporting Goods,76,896.78,4579.9,3.6,0
2025-02-03,South,Sporting Goods,25,877.72,1563.36,4.2,0
2024-04-01,North,Sporting Goods,43,540.53,2974.73,3.8,0
2025-12-01,north,Sporting Goods,78,1116.13,4732.12,3.0,0
2024-08-05,South,Home & Garden,48,1072.45,3835.34,4.4,1
2024-08-19,East,Apparel,101,880.21,4761.01,4.3,1
2025-06-16,South,Electronics,16,667.32,3673.48,4.9,0
2024-03-11,West,Sporting Goods,54,729.42,3370.02,3.6,1
